Workbook

Sheet Activas
A1: OBJETIVO ACTIVIDAD GV ARTE C | D1: 12
N2: 1152 | P2: 1322
P3: 0.27628004 | Q3: 17301 | S3: 0.6231 | T3: 0.54514437
B5: Cod. Sector | C5: Sector | D5: Clúster | E5: Nombre GN | F5: Disp. Finales C11 | G5: Obj. Saldo C12 | H5: Disp. PY C12 | L5: Saldo Direccional | M5: I3 C11 | N5: Obj. Inicios | O5: Indisponibles Inic. C12 | P5: Obj. Recuperos | Q5: Obj. Activas Frecuentes | R5: Objetivo Activas | S5: Objetivo Actividad | T5: Objetivo AF | U5: %Cump Disp C11 | W5: falta
B6: 700000021 | C6: Sector COLORES Karen | D6: Bogotá_Norte-Centro | E6: Karen Esperanza Contreras Patiño | F6: 2098 | G6: 13 | H6: 2111 | K6: 1.0071191 | L6: 24 | M6: 150 | N6: 54 | O6: 330 | P6: 120 | Q6: 1105 | R6: 1279 | S6: 0.60587399 | T6: 0.5234486 | U6: 1.0023878 | V6: 1279 | W6: -16 | X6: 0 | Y6: 0.064677623 | Z6: 0
B7: 700000454 | C7: Sector ABÁNICO Judy | D7: Bogotá_Norte-Centro | E7: Judy Daza | F7: 1850 | G7: 12 | H7: 1862 | K7: 0.99477261 | L7: 53 | M7: 110 | N7: 72 | O7: 326 | P7: 91 | Q7: 974 | R7: 1137 | S7: 0.61063373 | T7: 0.52309345 | U7: 0.97317201 | V7: 1137 | W7: 12 | X7: 0 | Y7: 0.057496839 | Z7: 0
B8: 700000022 | C8: Sector BRILLO Kelly | D8: Bogotá_Norte-Centro | E8: Kelly Lorena Mesa | F8: 1800 | G8: 13 | H8: 1813 | K8: 0.97553191 | L8: 34 | M8: 120 | N8: 45 | O8: 259 | P8: 109 | Q8: 953 | R8: 1107 | S8: 0.61059018 | T8: 0.5256481 | U8: 0.96411355 | V8: 1107 | W8: -23 | X8: 0 | Y8: 0.055979772 | Z8: 0
B9: 700000457 | C9: Sector PINCEL Iliana | D9: Bogotá_Norte-Centro | E9: Iliana Alexandra Riaño Enciso | F9: 1850 | G9: 12 | H9: 1862 | K9: 0.9611399 | L9: 5 | M9: 120 | N9: 49 | O9: 241 | P9: 76 | Q9: 1012 | R9: 1137 | S9: 0.61063373 | T9: 0.54350161 | U9: 0.9645464 | V9: 1137 | W9: -5 | X9: 0 | Y9: 0.057496839 | Z9: 0
B10: 700000455 | C10: Sector ESPLENDOR Sandra | D10: Bogotá_Norte-Centro | E10: Sandra Cecilia Fuentes | F10: 1674 | G10: 13 | H10: 1687 | K10: 1.0563817 | L10: 31 | M10: 95 | N10: 65 | O10: 267 | P10: 61 | Q10: 896 | R10: 1022 | S10: 0.60580913 | T10: 0.53112033 | U10: 1.0455965 | V10: 1022 | W10: 44 | X10: 0 | Y10: 0.051681416 | Z10: 0
B11: 700000023 | C11: Sector POESIA Yulieth | D11: Bogotá_Norte-Centro | E11: Yenny Yulieth Campo Murillo | F11: 1973 | G11: 12 | H11: 1985 | K11: 0.96026807 | L11: 33 | M11: 117 | N11: 65 | O11: 325 | P11: 85 | Q11: 1066 | R11: 1216 | S11: 0.61259446 | T11: 0.53702771 | U11: 0.90633609 | V11: 1216 | W11: -26 | X11: 0 | Y11: 0.061491783 | Z11: 0
B12: 700000456 | C12: Sector ACUARELA Yeimi | D12: Bogotá_Norte-Centro | E12: Yeimi Patricia Rodriguez | F12: 2101 | G12: 12 | H12: 2113 | K12: 1.0300825 | L12: 22 | M12: 137 | N12: 69 | O12: 292 | P12: 90 | Q12: 1142 | R12: 1301 | S12: 0.61571226 | T12: 0.5404638 | U12: 1.0253782 | V12: 1301 | W12: 2 | X12: 0 | Y12: 0.065790139 | Z12: 0
B13: 700000459 | C13: Sector MATICES Clery | D13: Poblaciones Cundinamarca_Facatativá/Madrid | E13: Clery Enith Cuellar Rojas | F13: 1233 | G13: 13 | H13: 1246 | K13: 1.0614996 | L13: 27 | M13: 78 | N13: 58 | O13: 189 | P13: 47 | Q13: 663 | R13: 768 | S13: 0.61637239 | T13: 0.53210273 | U13: 1.1261426 | V13: 768 | W13: -27 | X13: 0 | Y13: 0.038836915 | Z13: 0
B14: 700000458 | C14: Sector LIENZO Ángela | D14: Poblaciones Cundinamarca_Chía | E14: Ángela Rios | F14: 1439 | G14: 13 | H14: 1452 | K14: 1.0259285 | L14: 25 | M14: 78 | N14: 48 | O14: 198 | P14: 55 | Q14: 800 | R14: 903 | S14: 0.62190083 | T14: 0.55096419 | U14: 1.0176803 | V14: 903 | W14: -64 | X14: 0 | Y14: 0.045663717 | Z14: 0
B15: 700000232 | C15: Sector EXPRESIÓN Nayibe | D15: Poblaciones Cundinamarca_Facatativá/Madrid | E15: Nayibe Esmeralda Pulido | F15: 1255 | G15: 13 | H15: 1268 | K15: 0.97326203 | L15: 19 | M15: 81 | N15: 48 | O15: 203 | P15: 52 | Q15: 689 | R15: 789 | S15: 0.62223975 | T15: 0.54337539 | U15: 0.9691358 | V15: 789 | W15: 0 | X15: 0 | Y15: 0.039898862 | Z15: 0
B16: 700000245 | C16: Sector ARTESANÍA Fernanda | D16: Boyacá_Chiquinquirá Boyacá | E16: Fernanda Peña | F16: 1548 | G16: 13 | H16: 1561 | K16: 0.95897122 | L16: 18 | M16: 102 | N16: 45 | O16: 226 | P16: 75 | Q16: 859 | R16: 979 | S16: 0.62716208 | T16: 0.55028828 | U16: 0.95555556 | V16: 979 | W16: -29 | X16: 0 | Y16: 0.049506953 | Z16: 0
B17: 700000466 | C17: Sector EMOCIONES Dolly | D17: Boyacá_DuitamaBoyacá | E17: Dolly Yanine Parra Velandia | F17: 1472 | G17: 12 | H17: 1484 | K17: 1.0252387 | L17: 31 | M17: 77 | N17: 46 | O17: 182 | P17: 62 | Q17: 815 | R17: 923 | S17: 0.62196765 | T17: 0.54919137 | U17: 1.0123796 | V17: 923 | W17: -2 | X17: 0 | Y17: 0.046675095 | Z17: 0
... B25: 700000423 | C25: Sector ARMONÍA Claudia | D25: Sucre_Sincelejo | E25: Claudia Patricia Benitez | F25: 1699 | G25: 13 | H25: 1712 | K25: 1.058895 | L25: 45 | M25: 105 | N25: 80 | O25: 295 | P25: 70 | Q25: 933 | R25: 1083 | S25: 0.63259346 | T25: 0.54497664 | U25: 1.0397797 | V25: 1083 | W25: -31 | X25: 0 | Y25: 0.054766119 | Z25: 0
B26: 700000003 | C26: Gerencia de Ventas Arte | F26: 31486 | G26: 250 | H26: 31736 | L26: 523 | M26: 1955 | N26: 1155 | O26: 4785 | P26: 1323 | Q26: 17297 | R26: 19775 | S26: 0.6231094 | T26: 0.54502773
N27: 3 | P27: -1
Q28: Padrón | R28: 19775
Q29: Check | R29: OK
Q30: Diferencia | R30: 0
B31: 1612
B32: 0.652
B33: 1051.024 | C33: 85.976
B34: 4.6010852e+08
B35: 437771.66 | C35: 0.078948934
C36: 32033.662

Sheet Disponibles
O1: =AB6/V6 -> 0.69152083 | P1: =AC6/W6 -> 0.37271994 | Q1: =AD6/X6 -> 0.35257732 | R1: =AE6/Y6 -> 0.35038363 | S1: =AF6/Z6 -> 0.26041019 | T1: =AG6/AA6 -> 0.17936118 | X1: OK | AA1: Real | AH1: OK
AA2: OBJ | AB2: 0.6916 | AC2: 0.3733 | AD2: 0.352 | AE2: 0.3517 | AF2: 0.2594 | AG2: 0.178
B4: =Activas!$D$1 -> 12 | F4: OK | G4: OK | H4: OK | I4: OK | J4: OK | K4: OK | L4: OK | M4: OK | O4: =O6/$L$6 -> 0.19219594 | P4: =P6/$L$6 -> 0.12140336 | Q4: =Q6/$L$6 -> 0.068668187 | R4: =R6/$L$6 -> 0.039676341 | S4: =S6/$L$6 -> 0.037177044 | T4: =T6/$L$6 -> 0.031303696 | V4: INACTIVAS INICIALES | AB4: DEBE ACTIVAR
B5: Cod. Sector | C5: Sector | D5: Clúster | E5: GN | F5: ="Disp Fin 2026"&$B$4-1 -> Disp Fin 202611 | G5: ="I3 Fin C"&$B$4-1 -> I3 Fin C11 | H5: ="Disp inicial 2026"&$B$4 -> Disp inicial 202612 | I5: ="Saldo Obj 2026"&$B$4 -> Saldo Obj 202612 | J5: Inicios Obj | K5: Recuperos Obj | L5: ="Disp Real 2026"&$B$4&" (Proy)" -> Disp Real 202612 (Proy) | M5: ="Disp Obj 2026"&$B$4 -> Disp Obj 202612 | N5: Cumpl % | O5: Inac 1 Obj | P5: Inac 2 Obj | Q5: Inac 3 Obj | R5: Inac 4 Obj | S5: Inac 5 Obj | T5: Inac 6 Obj | V5: I1 | W5: I2 | X5: I3 | Y5: I4 | Z5: I5 | AA5: I6 | AB5: I1 | AC5: I2 | AD5: I3 | AE5: I4 | AF5: I5 | AG5: I6 | AI5: Debe activar | AJ5: Debe Recuperar | AM5: ="Activas Obj C"&$B$4 -> Activas Obj C12 | AN5: Dif "Debe Activar" | AO5: Peso i1 | AP5: Peso i2 | AQ5: i1 Ajustar | AR5: i2 Ajustar | AT5: Recuperos Obj | AU5: Dif "Debe Recuperar" | AV5: i4 Ajustar | AW5: i5 Ajustar | AY5: Recuperos | AZ5: Activas | BA5: Activas Frecuentes
B6: 700000003 | C6: Gerencia de Ventas Arte | D6: =D5 -> Clúster | E6: Gerente de Negocio | F6: =SUM(F7:F29) -> 31486 | G6: =SUM(G7:G29) -> 1955 | H6: =SUM(H7:H29) -> 29531 | I6: =SUM(I7:I29) -> 250 | J6: =SUM(J7:J29) -> 1155 | K6: =SUM(K7:K29) -> 1323 | L6: =SUM(L7:L29) -> 32009 | M6: =SUM(M7:M29) -> 31728 | N6: =IFERROR(L6/M6,"") -> 1.0088565 | O6: =SUM(O7:O29) -> 6152 | P6: =SUM(P7:P29) -> 3886 | Q6: =SUM(Q7:Q29) -> 2198 | R6: =SUM(R7:R29) -> 1270 | S6: =SUM(S7:S29) -> 1190 | T6: =SUM(T7:T29) -> 1002 | V6: =SUM(V7:V26) -> 19943 | W6: =SUM(W7:W26) -> 6195 | X6: =SUM(X7:X26) -> 3395 | Y6: =SUM(Y7:Y26) -> 1955 | Z6: =SUM(Z7:Z26) -> 1609 | AA6: =SUM(AA7:AA26) -> 1221 | AB6: =SUM(AB7:AB29) -> 13791 | AC6: =SUM(AC7:AC29) -> 2309 | AD6: =SUM(AD7:AD29) -> 1197 | AE6: =SUM(AE7:AE29) -> 685 | AF6: =SUM(AF7:AF29) -> 419 | AG6: =SUM(AG7:AG29) -> 219 | AI6: =SUM(AI7:AI29) -> 19775 | AJ6: =SUM(AJ7:AJ29) -> 1323 | AM6: =IFERROR(SUM(AM7:AM29),"") -> 19775 | AN6: =SUM(AN7:AN29) -> -4 | AO6: =O6/L6 -> 0.19219594 | AP6: =P6/L6 -> 0.12140336 | AQ6: =SUM(AQ7:AQ25) -> 1 | AR6: =SUM(AR7:AR25) -> -1 | AT6: =SUM(AT7:AT29) -> 1323 | AU6: =SUM(AU7:AU29) -> -1 | AV6: =SUM(AV7:AV29) -> -1 | AW6: =SUM(AW7:AW29) -> 0 | AY6: =Activas!P26 -> 1323 | AZ6: =Activas!R26 -> 19775 | BA6: =Activas!Q26 -> 17297 | BC6: =AB6/V6 -> 0.69152083 | BD6: =AC6/W6 -> 0.37271994 | BE6: =AD6/X6 -> 0.35257732 | BF6: =AE6/Y6 -> 0.35038363 | BG6: =AF6/Z6 -> 0.26041019 | BH6: =AG6/AA6 -> 0.17936118
B7: 700000021 | C7: Sector COLORES Karen | D7: Bogotá_Norte-Centro | E7: Karen Esperanza Contreras Patiño | F7: =VLOOKUP(B7,Activas!$B$5:$F$26,5,FALSE) -> 2098 | G7: =_xlfn.XLOOKUP(B7,Activas!B:B,Activas!M:M) -> 150 | H7: =F7-G7 -> 1948 | I7: =_xlfn.XLOOKUP(B7,Activas!$B$6:$B$25,Activas!$G$6:$G$25) -> 13 | J7: =_xlfn.XLOOKUP(B7,Activas!B:B,Activas!N:N) -> 54 | K7: =_xlfn.XLOOKUP(B7,Activas!B:B,Activas!P:P) -> 120 | L7: =H7+J7+K7 -> 2122 | M7: =INDEX([1]Base!$V:$V,MATCH(B7,[1]Base!$C:$C,0)) -> 2107 | N7: =IFERROR(L7/M7,"") -> 1.0071191 | O7: =V7-AB7 -> 403 | P7: =W7-AC7 -> 282 | Q7: =X7-AD7 -> 159 | R7: =Y7-AE7 -> 84 | S7: =Z7-AF7 -> 72 | T7: =AA7-AG7 -> 54 | V7: =INDEX([2]TD!C:C,MATCH($B7,[2]TD!$A:$A,0)) -> 1270 | W7: =INDEX([2]TD!D:D,MATCH($B7,[2]TD!$A:$A,0)) -> 433 | X7: =INDEX([2]TD!E:E,MATCH($B7,[2]TD!$A:$A,0)) -> 246 | Y7: =INDEX([2]TD!F:F,MATCH($B7,[2]TD!$A:$A,0)) -> 150 | Z7: =INDEX([2]TD!G:G,MATCH($B7,[2]TD!$A:$A,0)) -> 114 | AA7: =INDEX([2]TD!H:H,MATCH($B7,[2]TD!$A:$A,0)) -> 66 | AB7: =ROUND(V7*AB$2,0)+AQ7 -> 867 | AC7: =ROUND(W7*AC$2,0)+AR7 -> 151 | AD7: =ROUND(X7*AD$2,0) -> 87 | AE7: =ROUND(Y7*AE$2,0)+AV7 -> 66 | AF7: =ROUND(Z7*AF$2,0)+AW7 -> 42 | AG7: =ROUND(AA7*AG$2,0) -> 12 | AH7: =SUM(AB7:AD7) -> 1105 | AI7: =SUM(AB7:AG7)+J7 -> 1279 | AJ7: =SUM(AE7:AG7) -> 120 | AM7: =_xlfn.XLOOKUP(B7,Activas!B:B,Activas!R:R) -> 1279 | AN7: -22 | AO7: =O7/L7 -> 0.18991517 | AP7: =P7/L7 -> 0.1328935 | AQ7: =ROUND(AN7*50%,0) -> -11 | AR7: =AN7-AQ7 -> -11 | AS7: =AM7-AI7 -> 0 | AT7: =K7 -> 120 | AU7: 25 | AV7: =ROUND(AU7*50%,0) -> 13 | AW7: =AU7-AV7 -> 12 | AX7: =AT7-AJ7 -> 0 | AY7: =SUM(AE6:AG6) -> 1323 | AZ7: =SUM(AB6:AG6)+J6 -> 19775 | BA7: =SUM(AB6:AD6) -> 17297 | BC7: =AB7/V7 -> 0.68267717 | BD7: =AC7/W7 -> 0.34872979 | BE7: =AD7/X7 -> 0.35365854 | BF7: =AE7/Y7 -> 0.44 | BG7: =AF7/Z7 -> 0.36842105 | BH7: =AG7/AA7 -> 0.18181818
B8: 700000454 | C8: Sector ABÁNICO Judy | D8: Bogotá_Norte-Centro | E8: Judy Daza | F8: =VLOOKUP(B8,Activas!$B$5:$F$26,5,FALSE) -> 1850 | G8: =_xlfn.XLOOKUP(B8,Activas!B:B,Activas!M:M) -> 110 | H8: =F8-G8 -> 1740 | I8: =_xlfn.XLOOKUP(B8,Activas!$B$6:$B$25,Activas!$G$6:$G$25) -> 12 | J8: =_xlfn.XLOOKUP(B8,Activas!B:B,Activas!N:N) -> 72 | K8: =_xlfn.XLOOKUP(B8,Activas!B:B,Activas!P:P) -> 91 | L8: =H8+J8+K8 -> 1903 | M8: =INDEX([1]Base!$V:$V,MATCH(B8,[1]Base!$C:$C,0)) -> 1913 | N8: =IFERROR(L8/M8,"") -> 0.99477261 | O8: =V8-AB8 -> 357 | P8: =W8-AC8 -> 272 | Q8: =X8-AD8 -> 137 | R8: =Y8-AE8 -> 69 | S8: =Z8-AF8 -> 94 | T8: =AA8-AG8 -> 72 | V8: =INDEX([2]TD!C:C,MATCH($B8,[2]TD!$A:$A,0)) -> 1116 | W8: =INDEX([2]TD!D:D,MATCH($B8,[2]TD!$A:$A,0)) -> 413 | X8: =INDEX([2]TD!E:E,MATCH($B8,[2]TD!$A:$A,0)) -> 211 | Y8: =INDEX([2]TD!F:F,MATCH($B8,[2]TD!$A:$A,0)) -> 110 | Z8: =INDEX([2]TD!G:G,MATCH($B8,[2]TD!$A:$A,0)) -> 129 | AA8: =INDEX([2]TD!H:H,MATCH($B8,[2]TD!$A:$A,0)) -> 87 | AB8: =ROUND(V8*AB$2,0)+AQ8 -> 759 | AC8: =ROUND(W8*AC$2,0)+AR8 -> 141 | AD8: =ROUND(X8*AD$2,0) -> 74 | AE8: =ROUND(Y8*AE$2,0)+AV8 -> 41 | AF8: =ROUND(Z8*AF$2,0)+AW8 -> 35 | AG8: =ROUND(AA8*AG$2,0) -> 15 | AH8: =SUM(AB8:AD8) -> 974 | AI8: =SUM(AB8:AG8)+J8 -> 1137 | AJ8: =SUM(AE8:AG8) -> 91 | AM8: =_xlfn.XLOOKUP(B8,Activas!B:B,Activas!R:R) -> 1137 | AN8: -26 | AO8: =O8/L8 -> 0.18759853 | AP8: =P8/L8 -> 0.14293221 | AQ8: =ROUND(AN8*50%,0) -> -13 | AR8: =AN8-AQ8 -> -13 | AS8: =AM8-AI8 -> 0 | AT8: =K8 -> 91 | AU8: 4 | AV8: =ROUND(AU8*50%,0) -> 2 | AW8: =AU8-AV8 -> 2 | AX8: =AT8-AJ8 -> 0 | BC8: =AB8/V8 -> 0.68010753 | BD8: =AC8/W8 -> 0.34140436 | BE8: =AD8/X8 -> 0.3507109 | BF8: =AE8/Y8 -> 0.37272727 | BG8: =AF8/Z8 -> 0.27131783 | BH8: =AG8/AA8 -> 0.17241379
B9: 700000022 | C9: Sector BRILLO Kelly | D9: Bogotá_Norte-Centro | E9: Kelly Lorena Mesa | F9: =VLOOKUP(B9,Activas!$B$5:$F$26,5,FALSE) -> 1800 | G9: =_xlfn.XLOOKUP(B9,Activas!B:B,Activas!M:M) -> 120 | H9: =F9-G9 -> 1680 | I9: =_xlfn.XLOOKUP(B9,Activas!$B$6:$B$25,Activas!$G$6:$G$25) -> 13 | J9: =_xlfn.XLOOKUP(B9,Activas!B:B,Activas!N:N) -> 45 | K9: =_xlfn.XLOOKUP(B9,Activas!B:B,Activas!P:P) -> 109 | L9: =H9+J9+K9 -> 1834 | M9: =INDEX([1]Base!$V:$V,MATCH(B9,[1]Base!$C:$C,0)) -> 1880 | N9: =IFERROR(L9/M9,"") -> 0.97553191 | O9: =V9-AB9 -> 335 | P9: =W9-AC9 -> 243 | Q9: =X9-AD9 -> 149 | R9: =Y9-AE9 -> 60 | S9: =Z9-AF9 -> 46 | T9: =AA9-AG9 -> 44 | V9: =INDEX([2]TD!C:C,MATCH($B9,[2]TD!$A:$A,0)) -> 1070 | W9: =INDEX([2]TD!D:D,MATCH($B9,[2]TD!$A:$A,0)) -> 380 | X9: =INDEX([2]TD!E:E,MATCH($B9,[2]TD!$A:$A,0)) -> 230 | Y9: =INDEX([2]TD!F:F,MATCH($B9,[2]TD!$A:$A,0)) -> 120 | Z9: =INDEX([2]TD!G:G,MATCH($B9,[2]TD!$A:$A,0)) -> 86 | AA9: =INDEX([2]TD!H:H,MATCH($B9,[2]TD!$A:$A,0)) -> 53 | AB9: =ROUND(V9*AB$2,0)+AQ9 -> 735 | AC9: =ROUND(W9*AC$2,0)+AR9 -> 137 | AD9: =ROUND(X9*AD$2,0) -> 81 | AE9: =ROUND(Y9*AE$2,0)+AV9 -> 60 | AF9: =ROUND(Z9*AF$2,0)+AW9 -> 40 | AG9: =ROUND(AA9*AG$2,0) -> 9 | AH9: =SUM(AB9:AD9) -> 953 | AI9: =SUM(AB9:AG9)+J9 -> 1107 | AJ9: =SUM(AE9:AG9) -> 109 | AM9: =_xlfn.XLOOKUP(B9,Activas!B:B,Activas!R:R) -> 1107 | AN9: -10 | AO9: =O9/L9 -> 0.18266085 | AP9: =P9/L9 -> 0.13249727 | AQ9: =ROUND(AN9*50%,0) -> -5 | AR9: =AN9-AQ9 -> -5 | AS9: =AM9-AI9 -> 0 | AT9: =K9 -> 109 | AU9: 36 | AV9: =ROUND(AU9*50%,0) -> 18 | AW9: =AU9-AV9 -> 18 | AX9: =AT9-AJ9 -> 0 | BC9: =AB9/V9 -> 0.68691589 | BD9: =AC9/W9 -> 0.36052632 | BE9: =AD9/X9 -> 0.35217391 | BF9: =AE9/Y9 -> 0.5 | BG9: =AF9/Z9 -> 0.46511628 | BH9: =AG9/AA9 -> 0.16981132
B10: 700000457 | C10: Sector PINCEL Iliana | D10: Bogotá_Norte-Centro | E10: Iliana Alexandra Riaño Enciso | F10: =VLOOKUP(B10,Activas!$B$5:$F$26,5,FALSE) -> 1850 | G10: =_xlfn.XLOOKUP(B10,Activas!B:B,Activas!M:M) -> 120 | H10: =F10-G10 -> 1730 | I10: =_xlfn.XLOOKUP(B10,Activas!$B$6:$B$25,Activas!$G$6:$G$25) -> 12 | J10: =_xlfn.XLOOKUP(B10,Activas!B:B,Activas!N:N) -> 49 | K10: =_xlfn.XLOOKUP(B10,Activas!B:B,Activas!P:P) -> 76 | L10: =H10+J10+K10 -> 1855 | M10: =INDEX([1]Base!$V:$V,MATCH(B10,[1]Base!$C:$C,0)) -> 1930 | N10: =IFERROR(L10/M10,"") -> 0.9611399 | O10: =V10-AB10 -> 358 | P10: =W10-AC10 -> 230 | Q10: =X10-AD10 -> 130 | R10: =Y10-AE10 -> 74 | S10: =Z10-AF10 -> 47 | T10: =AA10-AG10 -> 44 | V10: =INDEX([2]TD!C:C,MATCH($B10,[2]TD!$A:$A,0)) -> 1163 | W10: =INDEX([2]TD!D:D,MATCH($B10,[2]TD!$A:$A,0)) -> 367 | X10: =INDEX([2]TD!E:E,MATCH($B10,[2]TD!$A:$A,0)) -> 200 | Y10: =INDEX([2]TD!F:F,MATCH($B10,[2]TD!$A:$A,0)) -> 120 | Z10: =INDEX([2]TD!G:G,MATCH($B10,[2]TD!$A:$A,0)) -> 67 | AA10: =INDEX([2]TD!H:H,MATCH($B10,[2]TD!$A:$A,0)) -> 54 | AB10: =ROUND(V10*AB$2,0)+AQ10 -> 805 | AC10: =ROUND(W10*AC$2,0)+AR10 -> 137 | AD10: =ROUND(X10*AD$2,0) -> 70 | AE10: =ROUND(Y10*AE$2,0)+AV10 -> 46 | AF10: =ROUND(Z10*AF$2,0)+AW10 -> 20 | AG10: =ROUND(AA10*AG$2,0) -> 10 | AH10: =SUM(AB10:AD10) -> 1012 | AI10: =SUM(AB10:AG10)+J10 -> 1137 | AJ10: =SUM(AE10:AG10) -> 76 | AM10: =_xlfn.XLOOKUP(B10,Activas!B:B,Activas!R:R) -> 1137 | AN10: 1 | AO10: =O10/L10 -> 0.19299191 | AP10: =P10/L10 -> 0.12398922 | AQ10: =ROUND(AN10*50%,0) -> 1 | AR10: =AN10-AQ10 -> 0 | AS10: =AM10-AI10 -> 0 | AT10: =K10 -> 76 | AU10: 7 | AV10: =ROUND(AU10*50%,0) -> 4 | AW10: =AU10-AV10 -> 3 | AX10: =AT10-AJ10 -> 0 | BC10: =AB10/V10 -> 0.69217541 | BD10: =AC10/W10 -> 0.373297 | BE10: =AD10/X10 -> 0.35 | BF10: =AE10/Y10 -> 0.38333333 | BG10: =AF10/Z10 -> 0.29850746 | BH10: =AG10/AA10 -> 0.18518519
B11: 700000455 | C11: Sector ESPLENDOR Carolina | D11: Bogotá_Norte-Centro | E11: Carolina Tangarife Tamayo | F11: =VLOOKUP(B11,Activas!$B$5:$F$26,5,FALSE) -> 1674 | G11: =_xlfn.XLOOKUP(B11,Activas!B:B,Activas!M:M) -> 95 | H11: =F11-G11 -> 1579 | I11: =_xlfn.XLOOKUP(B11,Activas!$B$6:$B$25,Activas!$G$6:$G$25) -> 13 | J11: =_xlfn.XLOOKUP(B11,Activas!B:B,Activas!N:N) -> 65 | K11: =_xlfn.XLOOKUP(B11,Activas!B:B,Activas!P:P) -> 61 | L11: =H11+J11+K11 -> 1705 | M11: =INDEX([1]Base!$V:$V,MATCH(B11,[1]Base!$C:$C,0)) -> 1614 | N11: =IFERROR(L11/M11,"") -> 1.0563817 | O11: =V11-AB11 -> 337 | P11: =W11-AC11 -> 215 | Q11: =X11-AD11 -> 131 | R11: =Y11-AE11 -> 68 | S11: =Z11-AF11 -> 75 | T11: =AA11-AG11 -> 63 | V11: =INDEX([2]TD!C:C,MATCH($B11,[2]TD!$A:$A,0)) -> 1053 | W11: =INDEX([2]TD!D:D,MATCH($B11,[2]TD!$A:$A,0)) -> 324 | X11: =INDEX([2]TD!E:E,MATCH($B11,[2]TD!$A:$A,0)) -> 202 | Y11: =INDEX([2]TD!F:F,MATCH($B11,[2]TD!$A:$A,0)) -> 95 | Z11: =INDEX([2]TD!G:G,MATCH($B11,[2]TD!$A:$A,0)) -> 95 | AA11: =INDEX([2]TD!H:H,MATCH($B11,[2]TD!$A:$A,0)) -> 77 | AB11: =ROUND(V11*AB$2,0)+AQ11 -> 716 | AC11: =ROUND(W11*AC$2,0)+AR11 -> 109 | AD11: =ROUND(X11*AD$2,0) -> 71 | AE11: =ROUND(Y11*AE$2,0)+AV11 -> 27 | AF11: =ROUND(Z11*AF$2,0)+AW11 -> 20 | AG11: =ROUND(AA11*AG$2,0) -> 14 | AH11: =SUM(AB11:AD11) -> 896 | AI11: =SUM(AB11:AG11)+J11 -> 1022 | AJ11: =SUM(AE11:AG11) -> 61 | AM11: =_xlfn.XLOOKUP(B11,Activas!B:B,Activas!R:R) -> 1022 | AN11: -24 | AO11: =O11/L11 -> 0.19765396 | AP11: =P11/L11 -> 0.12609971 | AQ11: =ROUND(AN11*50%,0) -> -12 | AR11: =AN11-AQ11 -> -12 | AS11: =AM11-AI11 -> 0 | AT11: =K11 -> 61 | AU11: -11 | AV11: =ROUND(AU11*50%,0) -> -6 | AW11: =AU11-AV11 -> -5 | AX11: =AT11-AJ11 -> 0 | AY11: =AY6-AY7 -> 0 | AZ11: =AZ6-AZ7 -> 0 | BA11: =BA6-BA7 -> 0 | BC11: =AB11/V11 -> 0.67996201 | BD11: =AC11/W11 -> 0.33641975 | BE11: =AD11/X11 -> 0.35148515 | BF11: =AE11/Y11 -> 0.28421053 | BG11: =AF11/Z11 -> 0.21052632 | BH11: =AG11/AA11 -> 0.18181818
B12: 700000023 | C12: Sector POESIA Yulieth | D12: Bogotá_Norte-Centro | E12: Yenny Yulieth Campo Murillo | F12: =VLOOKUP(B12,Activas!$B$5:$F$26,5,FALSE) -> 1973 | G12: =_xlfn.XLOOKUP(B12,Activas!B:B,Activas!M:M) -> 117 | H12: =F12-G12 -> 1856 | I12: =_xlfn.XLOOKUP(B12,Activas!$B$6:$B$25,Activas!$G$6:$G$25) -> 12 | J12: =_xlfn.XLOOKUP(B12,Activas!B:B,Activas!N:N) -> 65 | K12: =_xlfn.XLOOKUP(B12,Activas!B:B,Activas!P:P) -> 85 | L12: =H12+J12+K12 -> 2006 | M12: =INDEX([1]Base!$V:$V,MATCH(B12,[1]Base!$C:$C,0)) -> 2089 | N12: =IFERROR(L12/M12,"") -> 0.96026807 | O12: =V12-AB12 -> 360 | P12: =W12-AC12 -> 279 | Q12: =X12-AD12 -> 152 | R12: =Y12-AE12 -> 78 | S12: =Z12-AF12 -> 89 | T12: =AA12-AG12 -> 73 | V12: =INDEX([2]TD!C:C,MATCH($B12,[2]TD!$A:$A,0)) -> 1175 | W12: =INDEX([2]TD!D:D,MATCH($B12,[2]TD!$A:$A,0)) -> 447 | X12: =INDEX([2]TD!E:E,MATCH($B12,[2]TD!$A:$A,0)) -> 235 | Y12: =INDEX([2]TD!F:F,MATCH($B12,[2]TD!$A:$A,0)) -> 117 | Z12: =INDEX([2]TD!G:G,MATCH($B12,[2]TD!$A:$A,0)) -> 119 | AA12: =INDEX([2]TD!H:H,MATCH($B12,[2]TD!$A:$A,0)) -> 89 | AB12: =ROUND(V12*AB$2,0)+AQ12 -> 815 | AC12: =ROUND(W12*AC$2,0)+AR12 -> 168 | AD12: =ROUND(X12*AD$2,0) -> 83 | AE12: =ROUND(Y12*AE$2,0)+AV12 -> 39 | AF12: =ROUND(Z12*AF$2,0)+AW12 -> 30 | AG12: =ROUND(AA12*AG$2,0) -> 16 | AH12: =SUM(AB12:AD12) -> 1066 | AI12: =SUM(AB12:AG12)+J12 -> 1216 | AJ12: =SUM(AE12:AG12) -> 85 | AM12: =_xlfn.XLOOKUP(B12,Activas!B:B,Activas!R:R) -> 1216 | AN12: 3 | AO12: =O12/L12 -> 0.17946162 | AP12: =P12/L12 -> 0.13908275 | AQ12: =ROUND(AN12*50%,0) -> 2 | AR12: =AN12-AQ12 -> 1 | AS12: =AM12-AI12 -> 0 | AT12: =K12 -> 85 | AU12: -3 | AV12: =ROUND(AU12*50%,0) -> -2 | AW12: =AU12-AV12 -> -1 | AX12: =AT12-AJ12 -> 0 | BC12: =AB12/V12 -> 0.69361702 | BD12: =AC12/W12 -> 0.37583893 | BE12: =AD12/X12 -> 0.35319149 | BF12: =AE12/Y12 -> 0.33333333 | BG12: =AF12/Z12 -> 0.25210084 | BH12: =AG12/AA12 -> 0.17977528
B13: 700000456 | C13: Sector ACUARELA Yeimi | D13: Bogotá_Norte-Centro | E13: Yeimi Patricia Rodriguez | F13: =VLOOKUP(B13,Activas!$B$5:$F$26,5,FALSE) -> 2101 | G13: =_xlfn.XLOOKUP(B13,Activas!B:B,Activas!M:M) -> 137 | H13: =F13-G13 -> 1964 | I13: =_xlfn.XLOOKUP(B13,Activas!$B$6:$B$25,Activas!$G$6:$G$25) -> 12 | J13: =_xlfn.XLOOKUP(B13,Activas!B:B,Activas!N:N) -> 69 | K13: =_xlfn.XLOOKUP(B13,Activas!B:B,Activas!P:P) -> 90 | L13: =H13+J13+K13 -> 2123 | M13: =INDEX([1]Base!$V:$V,MATCH(B13,[1]Base!$C:$C,0)) -> 2061 | N13: =IFERROR(L13/M13,"") -> 1.0300825 | O13: =V13-AB13 -> 403 | P13: =W13-AC13 -> 266 | Q13: =X13-AD13 -> 153 | R13: =Y13-AE13 -> 85 | S13: =Z13-AF13 -> 62 | T13: =AA13-AG13 -> 55 | V13: =INDEX([2]TD!C:C,MATCH($B13,[2]TD!$A:$A,0)) -> 1304 | W13: =INDEX([2]TD!D:D,MATCH($B13,[2]TD!$A:$A,0)) -> 424 | X13: =INDEX([2]TD!E:E,MATCH($B13,[2]TD!$A:$A,0)) -> 236 | Y13: =INDEX([2]TD!F:F,MATCH($B13,[2]TD!$A:$A,0)) -> 137 | Z13: =INDEX([2]TD!G:G,MATCH($B13,[2]TD!$A:$A,0)) -> 88 | AA13: =INDEX([2]TD!H:H,MATCH($B13,[2]TD!$A:$A,0)) -> 67 | AB13: =ROUND(V13*AB$2,0)+AQ13 -> 901 | AC13: =ROUND(W13*AC$2,0)+AR13 -> 158 | AD13: =ROUND(X13*AD$2,0) -> 83 | AE13: =ROUND(Y13*AE$2,0)+AV13 -> 52 | AF13: =ROUND(Z13*AF$2,0)+AW13 -> 26 | AG13: =ROUND(AA13*AG$2,0) -> 12 | AH13: =SUM(AB13:AD13) -> 1142 | AI13: =SUM(AB13:AG13)+J13 -> 1301 | AJ13: =SUM(AE13:AG13) -> 90 | AM13: =_xlfn.XLOOKUP(B13,Activas!B:B,Activas!R:R) -> 1301 | AN13: -1 | AO13: =O13/L13 -> 0.18982572 | AP13: =P13/L13 -> 0.12529439 | AQ13: =ROUND(AN13*50%,0) -> -1 | AR13: =AN13-AQ13 -> 0 | AS13: =AM13-AI13 -> 0 | AT13: =K13 -> 90 | AU13: 7 | AV13: =ROUND(AU13*50%,0) -> 4 | AW13: =AU13-AV13 -> 3 | AX13: =AT13-AJ13 -> 0 | BC13: =AB13/V13 -> 0.69095092 | BD13: =AC13/W13 -> 0.37264151 | BE13: =AD13/X13 -> 0.35169492 | BF13: =AE13/Y13 -> 0.37956204 | BG13: =AF13/Z13 -> 0.29545455 | BH13: =AG13/AA13 -> 0.17910448
B14: 700000281 | C14: Sector PICASSO Regina | D14: Poblaciones córdoba_Lórica | E14: Regina Isabel Peñate Argumedo | F14: =VLOOKUP(B14,Activas!$B$5:$F$26,5,FALSE) -> 1454 | G14: =_xlfn.XLOOKUP(B14,Activas!B:B,Activas!M:M) -> 79 | H14: =F14-G14 -> 1375 | I14: =_xlfn.XLOOKUP(B14,Activas!$B$6:$B$25,Activas!$G$6:$G$25) -> 12 | J14: =_xlfn.XLOOKUP(B14,Activas!B:B,Activas!N:N) -> 61 | K14: =_xlfn.XLOOKUP(B14,Activas!B:B,Activas!P:P) -> 49 | L14: =H14+J14+K14 -> 1485 | M14: =INDEX([1]Base!$V:$V,MATCH(B14,[1]Base!$C:$C,0)) -> 1410 | N14: =IFERROR(L14/M14,"") -> 1.0531915 | O14: =V14-AB14 -> 302 | P14: =W14-AC14 -> 154 | Q14: =X14-AD14 -> 94 | R14: =Y14-AE14 -> 55 | S14: =Z14-AF14 -> 61 | T14: =AA14-AG14 -> 40 | V14: =INDEX([2]TD!C:C,MATCH($B14,[2]TD!$A:$A,0)) -> 983 | W14: =INDEX([2]TD!D:D,MATCH($B14,[2]TD!$A:$A,0)) -> 247 | X14: =INDEX([2]TD!E:E,MATCH($B14,[2]TD!$A:$A,0)) -> 145 | Y14: =INDEX([2]TD!F:F,MATCH($B14,[2]TD!$A:$A,0)) -> 79 | Z14: =INDEX([2]TD!G:G,MATCH($B14,[2]TD!$A:$A,0)) -> 77 | AA14: =INDEX([2]TD!H:H,MATCH($B14,[2]TD!$A:$A,0)) -> 49 | AB14: =ROUND(V14*AB$2,0)+AQ14 -> 681 | AC14: =ROUND(W14*AC$2,0)+AR14 -> 93 | AD14: =ROUND(X14*AD$2,0) -> 51 | AE14: =ROUND(Y14*AE$2,0)+AV14 -> 24 | AF14: =ROUND(Z14*AF$2,0)+AW14 -> 16 | AG14: =ROUND(AA14*AG$2,0) -> 9 | AH14: =SUM(AB14:AD14) -> 825 | AI14: =SUM(AB14:AG14)+J14 -> 935 | AJ14: =SUM(AE14:AG14) -> 49 | AM14: =_xlfn.XLOOKUP(B14,Activas!B:B,Activas!R:R) -> 935 | AN14: 2 | AO14: =O14/L14 -> 0.203367 | AP14: =P14/L14 -> 0.1037037 | AQ14: =ROUND(AN14*50%,0) -> 1 | AR14: =AN14-AQ14 -> 1 | AS14: =AM14-AI14 -> 0 | AT14: =K14 -> 49 | AU14: -8 | AV14: =ROUND(AU14*50%,0) -> -4 | AW14: =AU14-AV14 -> -4 | AX14: =AT14-AJ14 -> 0 | BC14: =AB14/V14 -> 0.69277721 | BD14: =AC14/W14 -> 0.37651822 | BE14: =AD14/X14 -> 0.35172414 | BF14: =AE14/Y14 -> 0.30379747 | BG14: =AF14/Z14 -> 0.20779221 | BH14: =AG14/AA14 -> 0.18367347
B15: 700000254 | C15: Sector CREATIVIDAD Yomaira | D15: Poblaciones córdoba_Tierralta | E15: Yomaira Estela Doria Ramos | F15: =VLOOKUP(B15,Activas!$B$5:$F$26,5,FALSE) -> 1153 | G15: =_xlfn.XLOOKUP(B15,Activas!B:B,Activas!M:M) -> 76 | H15: =F15-G15 -> 1077 | I15: =_xlfn.XLOOKUP(B15,Activas!$B$6:$B$25,Activas!$G$6:$G$25) -> 12 | J15: =_xlfn.XLOOKUP(B15,Activas!B:B,Activas!N:N) -> 49 | K15: =_xlfn.XLOOKUP(B15,Activas!B:B,Activas!P:P) -> 36 | L15: =H15+J15+K15 -> 1162 | M15: =INDEX([1]Base!$V:$V,MATCH(B15,[1]Base!$C:$C,0)) -> 1226 | N15: =IFERROR(L15/M15,"") -> 0.94779772 | O15: =V15-AB15 -> 229 | P15: =W15-AC15 -> 105 | Q15: =X15-AD15 -> 79 | R15: =Y15-AE15 -> 56 | S15: =Z15-AF15 -> 45 | T15: =AA15-AG15 -> 48 | V15: =INDEX([2]TD!C:C,MATCH($B15,[2]TD!$A:$A,0)) -> 773 | W15: =INDEX([2]TD!D:D,MATCH($B15,[2]TD!$A:$A,0)) -> 182 | X15: =INDEX([2]TD!E:E,MATCH($B15,[2]TD!$A:$A,0)) -> 122 | Y15: =INDEX([2]TD!F:F,MATCH($B15,[2]TD!$A:$A,0)) -> 76 | Z15: =INDEX([2]TD!G:G,MATCH($B15,[2]TD!$A:$A,0)) -> 51 | AA15: =INDEX([2]TD!H:H,MATCH($B15,[2]TD!$A:$A,0)) -> 58 | AB15: =ROUND(V15*AB$2,0)+AQ15 -> 544 | AC15: =ROUND(W15*AC$2,0)+AR15 -> 77 | AD15: =ROUND(X15*AD$2,0) -> 43 | AE15: =ROUND(Y15*AE$2,0)+AV15 -> 20 | AF15: =ROUND(Z15*AF$2,0)+AW15 -> 6 | AG15: =ROUND(AA15*AG$2,0) -> 10 | AH15: =SUM(AB15:AD15) -> 664 | AI15: =SUM(AB15:AG15)+J15 -> 749 | AJ15: =SUM(AE15:AG15) -> 36 | AM15: =_xlfn.XLOOKUP(B15,Activas!B:B,Activas!R:R) -> 749 | AN15: 18 | AO15: =O15/L15 -> 0.19707401 | AP15: =P15/L15 -> 0.090361446 | AQ15: =ROUND(AN15*50%,0) -> 9 | AR15: =AN15-AQ15 -> 9 | AS15: =AM15-AI15 -> 0 | AT15: =K15 -> 36 | AU15: -14 | AV15: =ROUND(AU15*50%,0) -> -7 | AW15: =AU15-AV15 -> -7 | AX15: =AT15-AJ15 -> 0 | BC15: =AB15/V15 -> 0.70375162 | BD15: =AC15/W15 -> 0.42307692 | BE15: =AD15/X15 -> 0.35245902 | BF15: =AE15/Y15 -> 0.26315789 | BG15: =AF15/Z15 -> 0.11764706 | BH15: =AG15/AA15 -> 0.17241379
B16: 700000098 | C16: Sector MOSAICO Julieth | D16: Montería | E16: Judith Julieth Castrillon Perez | F16: =VLOOKUP(B16,Activas!$B$5:$F$26,5,FALSE) -> 1190 | G16: =_xlfn.XLOOKUP(B16,Activas!B:B,Activas!M:M) -> 65 | H16: =F16-G16 -> 1125 | I16: =_xlfn.XLOOKUP(B16,Activas!$B$6:$B$25,Activas!$G$6:$G$25) -> 12 | J16: =_xlfn.XLOOKUP(B16,Activas!B:B,Activas!N:N) -> 46 | K16: =_xlfn.XLOOKUP(B16,Activas!B:B,Activas!P:P) -> 39 | L16: =H16+J16+K16 -> 1210 | M16: =INDEX([1]Base!$V:$V,MATCH(B16,[1]Base!$C:$C,0)) -> 1148 | N16: =IFERROR(L16/M16,"") -> 1.054007 | O16: =V16-AB16 -> 237 | P16: =W16-AC16 -> 139 | Q16: =X16-AD16 -> 65 | R16: =Y16-AE16 -> 41 | S16: =Z16-AF16 -> 22 | T16: =AA16-AG16 -> 30 | V16: =INDEX([2]TD!C:C,MATCH($B16,[2]TD!$A:$A,0)) -> 791 | W16: =INDEX([2]TD!D:D,MATCH($B16,[2]TD!$A:$A,0)) -> 233 | X16: =INDEX([2]TD!E:E,MATCH($B16,[2]TD!$A:$A,0)) -> 101 | Y16: =INDEX([2]TD!F:F,MATCH($B16,[2]TD!$A:$A,0)) -> 65 | Z16: =INDEX([2]TD!G:G,MATCH($B16,[2]TD!$A:$A,0)) -> 30 | AA16: =INDEX([2]TD!H:H,MATCH($B16,[2]TD!$A:$A,0)) -> 37 | AB16: =ROUND(V16*AB$2,0)+AQ16 -> 554 | AC16: =ROUND(W16*AC$2,0)+AR16 -> 94 | AD16: =ROUND(X16*AD$2,0) -> 36 | AE16: =ROUND(Y16*AE$2,0)+AV16 -> 24 | AF16: =ROUND(Z16*AF$2,0)+AW16 -> 8 | AG16: =ROUND(AA16*AG$2,0) -> 7 | AH16: =SUM(AB16:AD16) -> 684 | AI16: =SUM(AB16:AG16)+J16 -> 769 | AJ16: =SUM(AE16:AG16) -> 39 | AM16: =_xlfn.XLOOKUP(B16,Activas!B:B,Activas!R:R) -> 769 | AN16: 14 | AO16: =O16/L16 -> 0.19586777 | AP16: =P16/L16 -> 0.11487603 | AQ16: =ROUND(AN16*50%,0) -> 7 | AR16: =AN16-AQ16 -> 7 | AS16: =AM16-AI16 -> 0 | AT16: =K16 -> 39 | AU16: 1 | AV16: =ROUND(AU16*50%,0) -> 1 | AW16: =AU16-AV16 -> 0 | AX16: =AT16-AJ16 -> 0 | BC16: =AB16/V16 -> 0.70037927 | BD16: =AC16/W16 -> 0.40343348 | BE16: =AD16/X16 -> 0.35643564 | BF16: =AE16/Y16 -> 0.36923077 | BG16: =AF16/Z16 -> 0.26666667 | BH16: =AG16/AA16 -> 0.18918919
B17: 700000133 | C17: Sector INSPIRACIÓN Vanesa | D17: Montería | E17: Katherine Vanesa Gomez Coronado | F17: =VLOOKUP(B17,Activas!$B$5:$F$26,5,FALSE) -> 1084 | G17: =_xlfn.XLOOKUP(B17,Activas!B:B,Activas!M:M) -> 55 | H17: =F17-G17 -> 1029 | I17: =_xlfn.XLOOKUP(B17,Activas!$B$6:$B$25,Activas!$G$6:$G$25) -> 12 | J17: =_xlfn.XLOOKUP(B17,Activas!B:B,Activas!N:N) -> 35 | K17: =_xlfn.XLOOKUP(B17,Activas!B:B,Activas!P:P) -> 29 | L17: =H17+J17+K17 -> 1093 | M17: =INDEX([1]Base!$V:$V,MATCH(B17,[1]Base!$C:$C,0)) -> 1086 | N17: =IFERROR(L17/M17,"") -> 1.0064457 | O17: =V17-AB17 -> 208 | P17: =W17-AC17 -> 113 | Q17: =X17-AD17 -> 67 | R17: =Y17-AE17 -> 37 | S17: =Z17-AF17 -> 22 | T17: =AA17-AG17 -> 16 | V17: =INDEX([2]TD!C:C,MATCH($B17,[2]TD!$A:$A,0)) -> 723 | W17: =INDEX([2]TD!D:D,MATCH($B17,[2]TD!$A:$A,0)) -> 202 | X17: =INDEX([2]TD!E:E,MATCH($B17,[2]TD!$A:$A,0)) -> 104 | Y17: =INDEX([2]TD!F:F,MATCH($B17,[2]TD!$A:$A,0)) -> 55 | Z17: =INDEX([2]TD!G:G,MATCH($B17,[2]TD!$A:$A,0)) -> 29 | AA17: =INDEX([2]TD!H:H,MATCH($B17,[2]TD!$A:$A,0)) -> 20 | AB17: =ROUND(V17*AB$2,0)+AQ17 -> 515 | AC17: =ROUND(W17*AC$2,0)+AR17 -> 89 | AD17: =ROUND(X17*AD$2,0) -> 37 | AE17: =ROUND(Y17*AE$2,0)+AV17 -> 18 | AF17: =ROUND(Z17*AF$2,0)+AW17 -> 7 | AG17: =ROUND(AA17*AG$2,0) -> 4 | AH17: =SUM(AB17:AD17) -> 641 | AI17: =SUM(AB17:AG17)+J17 -> 705 | AJ17: =SUM(AE17:AG17) -> 29 | AM17: =_xlfn.XLOOKUP(B17,Activas!B:B,Activas!R:R) -> 705 | AN17: 29 | AO17: =O17/L17 -> 0.19030192 | AP17: =P17/L17 -> 0.10338518 | AQ17: =ROUND(AN17*50%,0) -> 15 | AR17: =AN17-AQ17 -> 14 | AS17: =AM17-AI17 -> 0 | AT17: =K17 -> 29 | AU17: -2 | AV17: =ROUND(AU17*50%,0) -> -1 | AW17: =AU17-AV17 -> -1 | AX17: =AT17-AJ17 -> 0 | BC17: =AB17/V17 -> 0.71230982 | BD17: =AC17/W17 -> 0.44059406 | BE17: =AD17/X17 -> 0.35576923 | BF17: =AE17/Y17 -> 0.32727273 | BG17: =AF17/Z17 -> 0.24137931 | BH17: =AG17/AA17 -> 0.2
B18: 700000428 | C18: Sector GALERÍA Yurieth | D18: Montería | E18: Yurieth Álvarez | F18: =VLOOKUP(B18,Activas!$B$5:$F$26,5,FALSE) -> 1683 | G18: =_xlfn.XLOOKUP(B18,Activas!B:B,Activas!M:M) -> 110 | H18: =F18-G18 -> 1573 | I18: =_xlfn.XLOOKUP(B18,Activas!$B$6:$B$25,Activas!$G$6:$G$25) -> 12 | J18: =_xlfn.XLOOKUP(B18,Activas!B:B,Activas!N:N) -> 80 | K18: =_xlfn.XLOOKUP(B18,Activas!B:B,Activas!P:P) -> 59 | L18: =H18+J18+K18 -> 1712 | M18: =INDEX([1]Base!$V:$V,MATCH(B18,[1]Base!$C:$C,0)) -> 1615 | N18: =IFERROR(L18/M18,"") -> 1.0600619 | O18: =V18-AB18 -> 348 | P18: =W18-AC18 -> 181 | Q18: =X18-AD18 -> 102 | R18: =Y18-AE18 -> 83 | S18: =Z18-AF18 -> 92 | T18: =AA18-AG18 -> 70 | V18: =INDEX([2]TD!C:C,MATCH($B18,[2]TD!$A:$A,0)) -> 1127 | W18: =INDEX([2]TD!D:D,MATCH($B18,[2]TD!$A:$A,0)) -> 289 | X18: =INDEX([2]TD!E:E,MATCH($B18,[2]TD!$A:$A,0)) -> 157 | Y18: =INDEX([2]TD!F:F,MATCH($B18,[2]TD!$A:$A,0)) -> 110 | Z18: =INDEX([2]TD!G:G,MATCH($B18,[2]TD!$A:$A,0)) -> 109 | AA18: =INDEX([2]TD!H:H,MATCH($B18,[2]TD!$A:$A,0)) -> 85 | AB18: =ROUND(V18*AB$2,0)+AQ18 -> 779 | AC18: =ROUND(W18*AC$2,0)+AR18 -> 108 | AD18: =ROUND(X18*AD$2,0) -> 55 | AE18: =ROUND(Y18*AE$2,0)+AV18 -> 27 | AF18: =ROUND(Z18*AF$2,0)+AW18 -> 17 | AG18: =ROUND(AA18*AG$2,0) -> 15 | AH18: =SUM(AB18:AD18) -> 942 | AI18: =SUM(AB18:AG18)+J18 -> 1081 | AJ18: =SUM(AE18:AG18) -> 59 | AM18: =_xlfn.XLOOKUP(B18,Activas!B:B,Activas!R:R) -> 1081 | AN18: 0 | AO18: =O18/L18 -> 0.20327103 | AP18: =P18/L18 -> 0.1057243 | AQ18: =ROUND(AN18*50%,0) -> 0 | AR18: =AN18-AQ18 -> 0 | AS18: =AM18-AI18 -> 0 | AT18: =K18 -> 59 | AU18: -23 | AV18: =ROUND(AU18*50%,0) -> -12 | AW18: =AU18-AV18 -> -11 | AX18: =AT18-AJ18 -> 0 | BC18: =AB18/V18 -> 0.69121562 | BD18: =AC18/W18 -> 0.37370242 | BE18: =AD18/X18 -> 0.35031847 | BF18: =AE18/Y18 -> 0.24545455 | BG18: =AF18/Z18 -> 0.1559633 | BH18: =AG18/AA18 -> 0.17647059
B19: 700000278 | C19: Sector CREACIÓN Perla | D19: Sucre_Magangue | E19: Perla Maria Sierra Diaz | F19: =VLOOKUP(B19,Activas!$B$5:$F$26,5,FALSE) -> 1261 | G19: =_xlfn.XLOOKUP(B19,Activas!B:B,Activas!M:M) -> 98 | H19: =F19-G19 -> 1163 | I19: =_xlfn.XLOOKUP(B19,Activas!$B$6:$B$25,Activas!$G$6:$G$25) -> 13 | J19: =_xlfn.XLOOKUP(B19,Activas!B:B,Activas!N:N) -> 52 | K19: =_xlfn.XLOOKUP(B19,Activas!B:B,Activas!P:P) -> 55 | L19: =H19+J19+K19 -> 1270 | M19: =INDEX([1]Base!$V:$V,MATCH(B19,[1]Base!$C:$C,0)) -> 1276 | N19: =IFERROR(L19/M19,"") -> 0.99529781 | O19: =V19-AB19 -> 234 | P19: =W19-AC19 -> 137 | Q19: =X19-AD19 -> 86 | R19: =Y19-AE19 -> 67 | S19: =Z19-AF19 -> 57 | T19: =AA19-AG19 -> 38 | V19: =INDEX([2]TD!C:C,MATCH($B19,[2]TD!$A:$A,0)) -> 795 | W19: =INDEX([2]TD!D:D,MATCH($B19,[2]TD!$A:$A,0)) -> 236 | X19: =INDEX([2]TD!E:E,MATCH($B19,[2]TD!$A:$A,0)) -> 132 | Y19: =INDEX([2]TD!F:F,MATCH($B19,[2]TD!$A:$A,0)) -> 98 | Z19: =INDEX([2]TD!G:G,MATCH($B19,[2]TD!$A:$A,0)) -> 73 | AA19: =INDEX([2]TD!H:H,MATCH($B19,[2]TD!$A:$A,0)) -> 46 | AB19: =ROUND(V19*AB$2,0)+AQ19 -> 561 | AC19: =ROUND(W19*AC$2,0)+AR19 -> 99 | AD19: =ROUND(X19*AD$2,0) -> 46 | AE19: =ROUND(Y19*AE$2,0)+AV19 -> 31 | AF19: =ROUND(Z19*AF$2,0)+AW19 -> 16 | AG19: =ROUND(AA19*AG$2,0) -> 8 | AH19: =SUM(AB19:AD19) -> 706 | AI19: =SUM(AB19:AG19)+J19 -> 813 | AJ19: =SUM(AE19:AG19) -> 55 | AM19: =_xlfn.XLOOKUP(B19,Activas!B:B,Activas!R:R) -> 813 | AN19: 22 | AO19: =O19/L19 -> 0.18425197 | AP19: =P19/L19 -> 0.10787402 | AQ19: =ROUND(AN19*50%,0) -> 11 | AR19: =AN19-AQ19 -> 11 | AS19: =AM19-AI19 -> 0 | AT19: =K19 -> 55 | AU19: -6 | AV19: =ROUND(AU19*50%,0) -> -3 | AW19: =AU19-AV19 -> -3 | AX19: =AT19-AJ19 -> 0 | BC19: =AB19/V19 -> 0.70566038 | BD19: =AC19/W19 -> 0.41949153 | BE19: =AD19/X19 -> 0.34848485 | BF19: =AE19/Y19 -> 0.31632653 | BG19: =AF19/Z19 -> 0.21917808 | BH19: =AG19/AA19 -> 0.17391304
B20: 700000178 | C20: Sector DESTELLO Karina | D20: Sucre_Sincelejo | E20: Karina Paola Vasquez Montalvo | F20: =VLOOKUP(B20,Activas!$B$5:$F$26,5,FALSE) -> 1669 | G20: =_xlfn.XLOOKUP(B20,Activas!B:B,Activas!M:M) -> 102 | H20: =F20-G20 -> 1567 | I20: =_xlfn.XLOOKUP(B20,Activas!$B$6:$B$25,Activas!$G$6:$G$25) -> 13 | J20: =_xlfn.XLOOKUP(B20,Activas!B:B,Activas!N:N) -> 88 | K20: =_xlfn.XLOOKUP(B20,Activas!B:B,Activas!P:P) -> 63 | L20: =H20+J20+K20 -> 1718 | M20: =INDEX([1]Base!$V:$V,MATCH(B20,[1]Base!$C:$C,0)) -> 1704 | N20: =IFERROR(L20/M20,"") -> 1.008216 | O20: =V20-AB20 -> 345 | P20: =W20-AC20 -> 179 | Q20: =X20-AD20 -> 115 | R20: =Y20-AE20 -> 76 | S20: =Z20-AF20 -> 90 | T20: =AA20-AG20 -> 76 | V20: =INDEX([2]TD!C:C,MATCH($B20,[2]TD!$A:$A,0)) -> 1108 | W20: =INDEX([2]TD!D:D,MATCH($B20,[2]TD!$A:$A,0)) -> 281 | X20: =INDEX([2]TD!E:E,MATCH($B20,[2]TD!$A:$A,0)) -> 178 | Y20: =INDEX([2]TD!F:F,MATCH($B20,[2]TD!$A:$A,0)) -> 102 | Z20: =INDEX([2]TD!G:G,MATCH($B20,[2]TD!$A:$A,0)) -> 110 | AA20: =INDEX([2]TD!H:H,MATCH($B20,[2]TD!$A:$A,0)) -> 93 | AB20: =ROUND(V20*AB$2,0)+AQ20 -> 763 | AC20: =ROUND(W20*AC$2,0)+AR20 -> 102 | AD20: =ROUND(X20*AD$2,0) -> 63 | AE20: =ROUND(Y20*AE$2,0)+AV20 -> 26 | AF20: =ROUND(Z20*AF$2,0)+AW20 -> 20 | AG20: =ROUND(AA20*AG$2,0) -> 17 | AH20: =SUM(AB20:AD20) -> 928 | AI20: =SUM(AB20:AG20)+J20 -> 1079 | AJ20: =SUM(AE20:AG20) -> 63 | AM20: =_xlfn.XLOOKUP(B20,Activas!B:B,Activas!R:R) -> 1079 | AN20: -6 | AO20: =O20/L20 -> 0.2008149 | AP20: =P20/L20 -> 0.10419092 | AQ20: =ROUND(AN20*50%,0) -> -3 | AR20: =AN20-AQ20 -> -3 | AS20: =AM20-AI20 -> 0 | AT20: =K20 -> 63 | AU20: -19 | AV20: =ROUND(AU20*50%,0) -> -10 | AW20: =AU20-AV20 -> -9 | AX20: =AT20-AJ20 -> 0 | BC20: =AB20/V20 -> 0.68862816 | BD20: =AC20/W20 -> 0.36298932 | BE20: =AD20/X20 -> 0.35393258 | BF20: =AE20/Y20 -> 0.25490196 | BG20: =AF20/Z20 -> 0.18181818 | BH20: =AG20/AA20 -> 0.1827957
B21: 700000423 | C21: Sector ARMONÍA Claudia | D21: Sucre_Sincelejo | E21: Claudia Patricia Benitez | F21: =VLOOKUP(B21,Activas!$B$5:$F$26,5,FALSE) -> 1699 | G21: =_xlfn.XLOOKUP(B21,Activas!B:B,Activas!M:M) -> 105 | H21: =F21-G21 -> 1594 | I21: =_xlfn.XLOOKUP(B21,Activas!$B$6:$B$25,Activas!$G$6:$G$25) -> 13 | J21: =_xlfn.XLOOKUP(B21,Activas!B:B,Activas!N:N) -> 80 | K21: =_xlfn.XLOOKUP(B21,Activas!B:B,Activas!P:P) -> 70 | L21: =H21+J21+K21 -> 1744 | M21: =INDEX([1]Base!$V:$V,MATCH(B21,[1]Base!$C:$C,0)) -> 1647 | N21: =IFERROR(L21/M21,"") -> 1.058895 | O21: =V21-AB21 -> 337 | P21: =W21-AC21 -> 214 | Q21: =X21-AD21 -> 110 | R21: =Y21-AE21 -> 73 | S21: =Z21-AF21 -> 78 | T21: =AA21-AG21 -> 74 | V21: =INDEX([2]TD!C:C,MATCH($B21,[2]TD!$A:$A,0)) -> 1085 | W21: =INDEX([2]TD!D:D,MATCH($B21,[2]TD!$A:$A,0)) -> 339 | X21: =INDEX([2]TD!E:E,MATCH($B21,[2]TD!$A:$A,0)) -> 170 | Y21: =INDEX([2]TD!F:F,MATCH($B21,[2]TD!$A:$A,0)) -> 105 | Z21: =INDEX([2]TD!G:G,MATCH($B21,[2]TD!$A:$A,0)) -> 100 | AA21: =INDEX([2]TD!H:H,MATCH($B21,[2]TD!$A:$A,0)) -> 90 | AB21: =ROUND(V21*AB$2,0)+AQ21 -> 748 | AC21: =ROUND(W21*AC$2,0)+AR21 -> 125 | AD21: =ROUND(X21*AD$2,0) -> 60 | AE21: =ROUND(Y21*AE$2,0)+AV21 -> 32 | AF21: =ROUND(Z21*AF$2,0)+AW21 -> 22 | AG21: =ROUND(AA21*AG$2,0) -> 16 | AH21: =SUM(AB21:AD21) -> 933 | AI21: =SUM(AB21:AG21)+J21 -> 1083 | AJ21: =SUM(AE21:AG21) -> 70 | AM21: =_xlfn.XLOOKUP(B21,Activas!B:B,Activas!R:R) -> 1083 | AN21: -4 | AO21: =O21/L21 -> 0.19323394 | AP21: =P21/L21 -> 0.12270642 | AQ21: =ROUND(AN21*50%,0) -> -2 | AR21: =AN21-AQ21 -> -2 | AS21: =AM21-AI21 -> 0 | AT21: =K21 -> 70 | AU21: -9 | AV21: =ROUND(AU21*50%,0) -> -5 | AW21: =AU21-AV21 -> -4 | AX21: =AT21-AJ21 -> 0 | BC21: =AB21/V21 -> 0.68940092 | BD21: =AC21/W21 -> 0.36873156 | BE21: =AD21/X21 -> 0.35294118 | BF21: =AE21/Y21 -> 0.3047619 | BG21: =AF21/Z21 -> 0.22 | BH21: =AG21/AA21 -> 0.17777778
B22: 700000232 | C22: Sector EXPRESIÓN Nayibe | D22: Poblaciones Cundinamarca_Facatativá/Madrid | E22: Nayibe Esmeralda Pulido | F22: =VLOOKUP(B22,Activas!$B$5:$F$26,5,FALSE) -> 1255 | G22: =_xlfn.XLOOKUP(B22,Activas!B:B,Activas!M:M) -> 81 | H22: =F22-G22 -> 1174 | I22: =_xlfn.XLOOKUP(B22,Activas!$B$6:$B$25,Activas!$G$6:$G$25) -> 13 | J22: =_xlfn.XLOOKUP(B22,Activas!B:B,Activas!N:N) -> 48 | K22: =_xlfn.XLOOKUP(B22,Activas!B:B,Activas!P:P) -> 52 | L22: =H22+J22+K22 -> 1274 | M22: =INDEX([1]Base!$V:$V,MATCH(B22,[1]Base!$C:$C,0)) -> 1309 | N22: =IFERROR(L22/M22,"") -> 0.97326203 | O22: =V22-AB22 -> 234 | P22: =W22-AC22 -> 150 | Q22: =X22-AD22 -> 102 | R22: =Y22-AE22 -> 55 | S22: =Z22-AF22 -> 50 | T22: =AA22-AG22 -> 46 | V22: =INDEX([2]TD!C:C,MATCH($B22,[2]TD!$A:$A,0)) -> 772 | W22: =INDEX([2]TD!D:D,MATCH($B22,[2]TD!$A:$A,0)) -> 245 | X22: =INDEX([2]TD!E:E,MATCH($B22,[2]TD!$A:$A,0)) -> 158 | Y22: =INDEX([2]TD!F:F,MATCH($B22,[2]TD!$A:$A,0)) -> 81 | Z22: =INDEX([2]TD!G:G,MATCH($B22,[2]TD!$A:$A,0)) -> 66 | AA22: =INDEX([2]TD!H:H,MATCH($B22,[2]TD!$A:$A,0)) -> 56 | AB22: =ROUND(V22*AB$2,0)+AQ22 -> 538 | AC22: =ROUND(W22*AC$2,0)+AR22 -> 95 | AD22: =ROUND(X22*AD$2,0) -> 56 | AE22: =ROUND(Y22*AE$2,0)+AV22 -> 26 | AF22: =ROUND(Z22*AF$2,0)+AW22 -> 16 | AG22: =ROUND(AA22*AG$2,0) -> 10 | AH22: =SUM(AB22:AD22) -> 689 | AI22: =SUM(AB22:AG22)+J22 -> 789 | AJ22: =SUM(AE22:AG22) -> 52 | AM22: =_xlfn.XLOOKUP(B22,Activas!B:B,Activas!R:R) -> 789 | AN22: 8 | AO22: =O22/L22 -> 0.18367347 | AP22: =P22/L22 -> 0.1177394 | AQ22: =ROUND(AN22*50%,0) -> 4 | AR22: =AN22-AQ22 -> 4 | AS22: =AM22-AI22 -> 0 | AT22: =K22 -> 52 | AU22: -3 | AV22: =ROUND(AU22*50%,0) -> -2 | AW22: =AU22-AV22 -> -1 | AX22: =AT22-AJ22 -> 0 | BC22: =AB22/V22 -> 0.69689119 | BD22: =AC22/W22 -> 0.3877551 | BE22: =AD22/X22 -> 0.35443038 | BF22: =AE22/Y22 -> 0.32098765 | BG22: =AF22/Z22 -> 0.24242424 | BH22: =AG22/AA22 -> 0.17857143
B23: 700000459 | C23: Sector MATICES Clery | D23: Poblaciones Cundinamarca_Facatativá/Madrid | E23: Clery Enith Cuellar Rojas | F23: =VLOOKUP(B23,Activas!$B$5:$F$26,5,FALSE) -> 1233 | G23: =_xlfn.XLOOKUP(B23,Activas!B:B,Activas!M:M) -> 78 | H23: =F23-G23 -> 1155 | I23: =_xlfn.XLOOKUP(B23,Activas!$B$6:$B$25,Activas!$G$6:$G$25) -> 13 | J23: =_xlfn.XLOOKUP(B23,Activas!B:B,Activas!N:N) -> 58 | K23: =_xlfn.XLOOKUP(B23,Activas!B:B,Activas!P:P) -> 47 | L23: =H23+J23+K23 -> 1260 | M23: =INDEX([1]Base!$V:$V,MATCH(B23,[1]Base!$C:$C,0)) -> 1187 | N23: =IFERROR(L23/M23,"") -> 1.0614996 | O23: =V23-AB23 -> 254 | P23: =W23-AC23 -> 158 | Q23: =X23-AD23 -> 79 | R23: =Y23-AE23 -> 54 | S23: =Z23-AF23 -> 46 | T23: =AA23-AG23 -> 42 | V23: =INDEX([2]TD!C:C,MATCH($B23,[2]TD!$A:$A,0)) -> 795 | W23: =INDEX([2]TD!D:D,MATCH($B23,[2]TD!$A:$A,0)) -> 237 | X23: =INDEX([2]TD!E:E,MATCH($B23,[2]TD!$A:$A,0)) -> 122 | Y23: =INDEX([2]TD!F:F,MATCH($B23,[2]TD!$A:$A,0)) -> 78 | Z23: =INDEX([2]TD!G:G,MATCH($B23,[2]TD!$A:$A,0)) -> 60 | AA23: =INDEX([2]TD!H:H,MATCH($B23,[2]TD!$A:$A,0)) -> 51 | AB23: =ROUND(V23*AB$2,0)+AQ23 -> 541 | AC23: =ROUND(W23*AC$2,0)+AR23 -> 79 | AD23: =ROUND(X23*AD$2,0) -> 43 | AE23: =ROUND(Y23*AE$2,0)+AV23 -> 24 | AF23: =ROUND(Z23*AF$2,0)+AW23 -> 14 | AG23: =ROUND(AA23*AG$2,0) -> 9 | AH23: =SUM(AB23:AD23) -> 663 | AI23: =SUM(AB23:AG23)+J23 -> 768 | AJ23: =SUM(AE23:AG23) -> 47 | AM23: =_xlfn.XLOOKUP(B23,Activas!B:B,Activas!R:R) -> 768 | AN23: -18 | AO23: =O23/L23 -> 0.2015873 | AP23: =P23/L23 -> 0.12539683 | AQ23: =ROUND(AN23*50%,0) -> -9 | AR23: =AN23-AQ23 -> -9 | AS23: =AM23-AI23 -> 0 | AT23: =K23 -> 47 | AU23: -5 | AV23: =ROUND(AU23*50%,0) -> -3 | AW23: =AU23-AV23 -> -2 | AX23: =AT23-AJ23 -> 0 | BC23: =AB23/V23 -> 0.68050314 | BD23: =AC23/W23 -> 0.33333333 | BE23: =AD23/X23 -> 0.35245902 | BF23: =AE23/Y23 -> 0.30769231 | BG23: =AF23/Z23 -> 0.23333333 | BH23: =AG23/AA23 -> 0.17647059
... B26: 700000458 | C26: Sector LIENZO Ángela | D26: Poblaciones Cundinamarca_Chía | E26: Ángela Rios | F26: =VLOOKUP(B26,Activas!$B$5:$F$26,5,FALSE) -> 1439 | G26: =_xlfn.XLOOKUP(B26,Activas!B:B,Activas!M:M) -> 78 | H26: =F26-G26 -> 1361 | I26: =_xlfn.XLOOKUP(B26,Activas!$B$6:$B$25,Activas!$G$6:$G$25) -> 13 | J26: =_xlfn.XLOOKUP(B26,Activas!B:B,Activas!N:N) -> 48 | K26: =_xlfn.XLOOKUP(B26,Activas!B:B,Activas!P:P) -> 55 | L26: =H26+J26+K26 -> 1464 | M26: =INDEX([1]Base!$V:$V,MATCH(B26,[1]Base!$C:$C,0)) -> 1427 | N26: =IFERROR(L26/M26,"") -> 1.0259285 | O26: =V26-AB26 -> 292 | P26: =W26-AC26 -> 182 | Q26: =X26-AD26 -> 87 | R26: =Y26-AE26 -> 51 | S26: =Z26-AF26 -> 56 | T26: =AA26-AG26 -> 36 | V26: =INDEX([2]TD!C:C,MATCH($B26,[2]TD!$A:$A,0)) -> 939 | W26: =INDEX([2]TD!D:D,MATCH($B26,[2]TD!$A:$A,0)) -> 287 | X26: =INDEX([2]TD!E:E,MATCH($B26,[2]TD!$A:$A,0)) -> 135 | Y26: =INDEX([2]TD!F:F,MATCH($B26,[2]TD!$A:$A,0)) -> 78 | Z26: =INDEX([2]TD!G:G,MATCH($B26,[2]TD!$A:$A,0)) -> 76 | AA26: =INDEX([2]TD!H:H,MATCH($B26,[2]TD!$A:$A,0)) -> 44 | AB26: =ROUND(V26*AB$2,0)+AQ26 -> 647 | AC26: =ROUND(W26*AC$2,0)+AR26 -> 105 | AD26: =ROUND(X26*AD$2,0) -> 48 | AE26: =ROUND(Y26*AE$2,0)+AV26 -> 27 | AF26: =ROUND(Z26*AF$2,0)+AW26 -> 20 | AG26: =ROUND(AA26*AG$2,0) -> 8 | AH26: =SUM(AB26:AD26) -> 800 | AI26: =SUM(AB26:AG26)+J26 -> 903 | AJ26: =SUM(AE26:AG26) -> 55 | AM26: =_xlfn.XLOOKUP(B26,Activas!B:B,Activas!R:R) -> 903 | AN26: -4 | AO26: =O26/L26 -> 0.19945355 | AP26: =P26/L26 -> 0.12431694 | AQ26: =ROUND(AN26*50%,0) -> -2 | AR26: =AN26-AQ26 -> -2 | AS26: =AM26-AI26 -> 0 | AT26: =K26 -> 55 | AU26: 0 | AV26: =ROUND(AU26*50%,0) -> 0 | AW26: =AU26-AV26 -> 0 | AX26: =AT26-AJ26 -> 0 | BC26: =AB26/V26 -> 0.68903088 | BD26: =AC26/W26 -> 0.36585366 | BE26: =AD26/X26 -> 0.35555556 | BF26: =AE26/Y26 -> 0.34615385 | BG26: =AF26/Z26 -> 0.26315789 | BH26: =AG26/AA26 -> 0.18181818
F31: 1 | G31: =F31+1 -> 2 | H31: =G31+1 -> 3 | I31: =H31+1 -> 4 | J31: =I31+1 -> 5 | K31: =J31+1 -> 6 | L31: =K31+1 -> 7 | M31: =L31+1 -> 8 | N31: =M31+1 -> 9 | ... AX31: =AW31+1 -> 45

Sheet Historicos Inicios 
A1: Cod. Sector | B1: Sector | C1: Clúster | D1: 202501 | E1: 202502 | F1: 202503 | G1: 202504 | H1: 202505 | I1: 202506 | J1: =I1+1 -> 202507 | K1: =J1+1 -> 202508 | L1: =K1+1 -> 202509 | M1: =L1+1 -> 202510 | N1: =M1+1 -> 202511 | O1: =N1+1 -> 202512 | P1: =O1+1 -> 202513 | Q1: =P1+1 -> 202514 | ... T1: =S1+1 -> 202517 | U1: 202601 | V1: =U1+1 -> 202602 | W1: =V1+1 -> 202603 | X1: =W1+1 -> 202604 | Y1: =X1+1 -> 202605 | Z1: =Y1+1 -> 202606 | AA1: =Z1+1 -> 202607 | AB1: =AA1+1 -> 202608 | AC1: =AB1+1 -> 202609 | ... AE1: =AD1+1 -> 202611 | AF1: PROMEDIO | AG1: Meta | AI1: Cod. Sector | AJ1: Sector | AK1: %Cump Disp C11 | AL1: Exigencia | AN1: Desde | AO1: Hasta | AP1: Exigencia
A2: 700000021 | B2: Sector COLORES Karen | C2: Bogotá_Norte-Centro | D2: 19 | E2: 22 | F2: 51 | G2: 49 | H2: 52 | I2: 63 | J2: 44 | K2: 37 | L2: 37 | M2: 77 | N2: 33 | O2: 40 | P2: 54 | Q2: =VLOOKUP(A2,[3]CUBO!$C:$DY,127,FALSE) -> 41 | R2: =VLOOKUP(A2,[4]CUBO!$C:$DY,127,FALSE) -> 33 | S2: =VLOOKUP(A2,[5]CUBO!$C:$DY,127,FALSE) -> 28 | T2: =VLOOKUP(A2,[6]CUBO!$C:$DY,127,FALSE) -> 44 | U2: =VLOOKUP(A2,[7]CUBO!$C:$DY,127,FALSE) -> 32 | V2: =VLOOKUP(A2,[8]CUBO!$C:$DY,127,FALSE) -> 38 | W2: =VLOOKUP(A2,[9]CUBO!$C:$DY,127,FALSE) -> 47 | X2: =VLOOKUP(A2,[10]CUBO!$C:$DY,127,FALSE) -> 41 | Y2: =VLOOKUP(A2,[11]CUBO!$C:$DY,127,FALSE) -> 78 | Z2: =VLOOKUP(A2,[12]CUBO!$C:$DY,127,FALSE) -> 66 | AA2: =_xlfn.XLOOKUP(A2,[13]CUBO!$B:$B,[13]CUBO!$DX:$DX) -> 61 | AB2: 55 | AC2: 56 | AD2: 46 | AE2: 41 | AF2: =ROUND(AVERAGE(U2:AE2),0) -> 51 | AG2: =VLOOKUP(A2,$AI$2:$AL$21,4,FALSE)+AF2 -> 54 | AI2: 700000459 | AJ2: Sector MATICES Clery | AK2: =_xlfn.XLOOKUP(AI2,'Histórico Actividad'!B:B,'Histórico Actividad'!P:P) -> 1.1261426 | AL2: =VLOOKUP(AK2,$AN$1:$AP$5,3,TRUE) -> 0 | AN2: 0 | AO2: 0.9499 | AP2: 5
A3: 700000455 | B3: Sector ESPLENDOR Carolina | C3: Bogotá_Norte-Centro | D3: 29 | E3: 66 | F3: 55 | G3: 84 | H3: 64 | I3: 82 | J3: 82 | K3: 68 | L3: 71 | M3: 118 | N3: 101 | O3: 97 | P3: 76 | Q3: =VLOOKUP(A3,[3]CUBO!$C:$DY,127,FALSE) -> 92 | R3: =VLOOKUP(A3,[4]CUBO!$C:$DY,127,FALSE) -> 73 | S3: =VLOOKUP(A3,[5]CUBO!$C:$DY,127,FALSE) -> 104 | T3: =VLOOKUP(A3,[6]CUBO!$C:$DY,127,FALSE) -> 76 | U3: =VLOOKUP(A3,[7]CUBO!$C:$DY,127,FALSE) -> 71 | V3: =VLOOKUP(A3,[8]CUBO!$C:$DY,127,FALSE) -> 65 | W3: =VLOOKUP(A3,[9]CUBO!$C:$DY,127,FALSE) -> 84 | X3: =VLOOKUP(A3,[10]CUBO!$C:$DY,127,FALSE) -> 68 | Y3: =VLOOKUP(A3,[11]CUBO!$C:$DY,127,FALSE) -> 71 | Z3: =VLOOKUP(A3,[12]CUBO!$C:$DY,127,FALSE) -> 64 | AA3: =_xlfn.XLOOKUP(A3,[13]CUBO!$B:$B,[13]CUBO!$DX:$DX) -> 55 | AB3: 47 | AC3: 52 | AD3: 45 | AE3: 57 | AF3: =ROUND(AVERAGE(U3:AE3),0) -> 62 | AG3: =VLOOKUP(A3,$AI$2:$AL$21,4,FALSE)+AF3 -> 65 | AI3: 700000423 | AJ3: Sector ARMONÍA Claudia | AK3: =_xlfn.XLOOKUP(AI3,'Histórico Actividad'!B:B,'Histórico Actividad'!P:P) -> 1.0397797 | AL3: =VLOOKUP(AK3,$AN$1:$AP$5,3,TRUE) -> 3 | AN3: 0.95 | AO3: 0.9999 | AP3: 4
A4: 700000457 | B4: Sector PINCEL Iliana | C4: Bogotá_Norte-Centro | D4: 23 | E4: 32 | F4: 40 | G4: 55 | H4: 33 | I4: 44 | J4: 32 | K4: 24 | L4: 29 | M4: 62 | N4: 39 | O4: 24 | P4: 31 | Q4: =VLOOKUP(A4,[3]CUBO!$C:$DY,127,FALSE) -> 40 | R4: =VLOOKUP(A4,[4]CUBO!$C:$DY,127,FALSE) -> 40 | S4: =VLOOKUP(A4,[5]CUBO!$C:$DY,127,FALSE) -> 51 | T4: =VLOOKUP(A4,[6]CUBO!$C:$DY,127,FALSE) -> 39 | U4: =VLOOKUP(A4,[7]CUBO!$C:$DY,127,FALSE) -> 27 | V4: =VLOOKUP(A4,[8]CUBO!$C:$DY,127,FALSE) -> 42 | W4: =VLOOKUP(A4,[9]CUBO!$C:$DY,127,FALSE) -> 59 | X4: =VLOOKUP(A4,[10]CUBO!$C:$DY,127,FALSE) -> 48 | Y4: =VLOOKUP(A4,[11]CUBO!$C:$DY,127,FALSE) -> 49 | Z4: =VLOOKUP(A4,[12]CUBO!$C:$DY,127,FALSE) -> 37 | AA4: =_xlfn.XLOOKUP(A4,[13]CUBO!$B:$B,[13]CUBO!$DX:$DX) -> 40 | AB4: 48 | AC4: 48 | AD4: 47 | AE4: 50 | AF4: =ROUND(AVERAGE(U4:AE4),0) -> 45 | AG4: =VLOOKUP(A4,$AI$2:$AL$21,4,FALSE)+AF4 -> 49 | AI4: 700000428 | AJ4: Sector GALERÍA Yurieth | AK4: =_xlfn.XLOOKUP(AI4,'Histórico Actividad'!B:B,'Histórico Actividad'!P:P) -> 1.0651899 | AL4: =VLOOKUP(AK4,$AN$1:$AP$5,3,TRUE) -> 0 | AN4: 1 | AO4: 1.0499 | AP4: 3
A5: 700000281 | B5: Sector PICASSO Regina | C5: Poblaciones córdoba_Lórica | D5: 62 | E5: 86 | F5: 49 | G5: 57 | H5: 46 | I5: 40 | J5: 58 | K5: 51 | L5: 48 | M5: 97 | N5: 45 | O5: 52 | P5: 47 | Q5: =VLOOKUP(A5,[3]CUBO!$C:$DY,127,FALSE) -> 43 | R5: =VLOOKUP(A5,[4]CUBO!$C:$DY,127,FALSE) -> 44 | S5: =VLOOKUP(A5,[5]CUBO!$C:$DY,127,FALSE) -> 33 | T5: =VLOOKUP(A5,[6]CUBO!$C:$DY,127,FALSE) -> 32 | U5: =VLOOKUP(A5,[7]CUBO!$C:$DY,127,FALSE) -> 54 | V5: =VLOOKUP(A5,[8]CUBO!$C:$DY,127,FALSE) -> 50 | W5: =VLOOKUP(A5,[9]CUBO!$C:$DY,127,FALSE) -> 48 | X5: =VLOOKUP(A5,[10]CUBO!$C:$DY,127,FALSE) -> 67 | Y5: =VLOOKUP(A5,[11]CUBO!$C:$DY,127,FALSE) -> 69 | Z5: =VLOOKUP(A5,[12]CUBO!$C:$DY,127,FALSE) -> 57 | AA5: =_xlfn.XLOOKUP(A5,[13]CUBO!$B:$B,[13]CUBO!$DX:$DX) -> 57 | AB5: 61 | AC5: 71 | AD5: 62 | AE5: 46 | AF5: =ROUND(AVERAGE(U5:AE5),0) -> 58 | AG5: =VLOOKUP(A5,$AI$2:$AL$21,4,FALSE)+AF5 -> 61 | AI5: 700000281 | AJ5: Sector PICASSO Regina | AK5: =_xlfn.XLOOKUP(AI5,'Histórico Actividad'!B:B,'Histórico Actividad'!P:P) -> 1.0400572 | AL5: =VLOOKUP(AK5,$AN$1:$AP$5,3,TRUE) -> 3 | AN5: 1.05 | AO5: 1.075 | AP5: 0
A6: 700000254 | B6: Sector CREATIVIDAD Yomaira | C6: Poblaciones córdoba_Tierralta | D6: 24 | E6: 49 | F6: 58 | G6: 54 | H6: 44 | I6: 43 | J6: 40 | K6: 42 | L6: 46 | M6: 75 | N6: 47 | O6: 49 | P6: 50 | Q6: =VLOOKUP(A6,[3]CUBO!$C:$DY,127,FALSE) -> 60 | R6: =VLOOKUP(A6,[4]CUBO!$C:$DY,127,FALSE) -> 65 | S6: =VLOOKUP(A6,[5]CUBO!$C:$DY,127,FALSE) -> 55 | T6: =VLOOKUP(A6,[6]CUBO!$C:$DY,127,FALSE) -> 52 | U6: =VLOOKUP(A6,[7]CUBO!$C:$DY,127,FALSE) -> 35 | V6: =VLOOKUP(A6,[8]CUBO!$C:$DY,127,FALSE) -> 60 | W6: =VLOOKUP(A6,[9]CUBO!$C:$DY,127,FALSE) -> 44 | X6: =VLOOKUP(A6,[10]CUBO!$C:$DY,127,FALSE) -> 45 | Y6: =VLOOKUP(A6,[11]CUBO!$C:$DY,127,FALSE) -> 55 | Z6: =VLOOKUP(A6,[12]CUBO!$C:$DY,127,FALSE) -> 46 | AA6: =_xlfn.XLOOKUP(A6,[13]CUBO!$B:$B,[13]CUBO!$DX:$DX) -> 37 | AB6: 44 | AC6: 52 | AD6: 18 | AE6: 52 | AF6: =ROUND(AVERAGE(U6:AE6),0) -> 44 | AG6: =VLOOKUP(A6,$AI$2:$AL$21,4,FALSE)+AF6 -> 49 | AI6: 700000278 | AJ6: Sector CREACIÓN Perla | AK6: =_xlfn.XLOOKUP(AI6,'Histórico Actividad'!B:B,'Histórico Actividad'!P:P) -> 0.99841647 | AL6: =VLOOKUP(AK6,$AN$1:$AP$5,3,TRUE) -> 4
A7: 700000098 | B7: Sector MOSAICO Julieth | C7: Montería | D7: 10 | E7: 28 | F7: 21 | G7: 26 | H7: 32 | I7: 41 | J7: 36 | K7: 18 | L7: 21 | M7: 50 | N7: 26 | O7: 23 | P7: 30 | Q7: =VLOOKUP(A7,[3]CUBO!$C:$DY,127,FALSE) -> 30 | R7: =VLOOKUP(A7,[4]CUBO!$C:$DY,127,FALSE) -> 38 | S7: =VLOOKUP(A7,[5]CUBO!$C:$DY,127,FALSE) -> 28 | T7: =VLOOKUP(A7,[6]CUBO!$C:$DY,127,FALSE) -> 23 | U7: =VLOOKUP(A7,[7]CUBO!$C:$DY,127,FALSE) -> 33 | V7: =VLOOKUP(A7,[8]CUBO!$C:$DY,127,FALSE) -> 44 | W7: =VLOOKUP(A7,[9]CUBO!$C:$DY,127,FALSE) -> 24 | X7: =VLOOKUP(A7,[10]CUBO!$C:$DY,127,FALSE) -> 31 | Y7: =VLOOKUP(A7,[11]CUBO!$C:$DY,127,FALSE) -> 59 | Z7: =VLOOKUP(A7,[12]CUBO!$C:$DY,127,FALSE) -> 57 | AA7: =_xlfn.XLOOKUP(A7,[13]CUBO!$B:$B,[13]CUBO!$DX:$DX) -> 42 | AB7: 43 | AC7: 50 | AD7: 43 | AE7: 51 | AF7: =ROUND(AVERAGE(U7:AE7),0) -> 43 | AG7: =VLOOKUP(A7,$AI$2:$AL$21,4,FALSE)+AF7 -> 46 | AI7: 700000021 | AJ7: Sector COLORES Karen | AK7: =_xlfn.XLOOKUP(AI7,'Histórico Actividad'!B:B,'Histórico Actividad'!P:P) -> 1.0023878 | AL7: =VLOOKUP(AK7,$AN$1:$AP$5,3,TRUE) -> 3
A8: 700000133 | B8: Sector INSPIRACIÓN Vanesa | C8: Montería | D8: 35 | E8: 59 | F8: 49 | G8: 36 | H8: 30 | I8: 32 | J8: 52 | K8: 38 | L8: 37 | M8: 69 | N8: 34 | O8: 47 | P8: 28 | Q8: =VLOOKUP(A8,[3]CUBO!$C:$DY,127,FALSE) -> 32 | R8: =VLOOKUP(A8,[4]CUBO!$C:$DY,127,FALSE) -> 28 | S8: =VLOOKUP(A8,[5]CUBO!$C:$DY,127,FALSE) -> 26 | T8: =VLOOKUP(A8,[6]CUBO!$C:$DY,127,FALSE) -> 17 | U8: =VLOOKUP(A8,[7]CUBO!$C:$DY,127,FALSE) -> 21 | V8: =VLOOKUP(A8,[8]CUBO!$C:$DY,127,FALSE) -> 36 | W8: =VLOOKUP(A8,[9]CUBO!$C:$DY,127,FALSE) -> 26 | X8: =VLOOKUP(A8,[10]CUBO!$C:$DY,127,FALSE) -> 29 | Y8: =VLOOKUP(A8,[11]CUBO!$C:$DY,127,FALSE) -> 39 | Z8: =VLOOKUP(A8,[12]CUBO!$C:$DY,127,FALSE) -> 37 | AA8: =_xlfn.XLOOKUP(A8,[13]CUBO!$B:$B,[13]CUBO!$DX:$DX) -> 40 | AB8: 29 | AC8: 31 | AD8: 29 | AE8: 37 | AF8: =ROUND(AVERAGE(U8:AE8),0) -> 32 | AG8: =VLOOKUP(A8,$AI$2:$AL$21,4,FALSE)+AF8 -> 35 | AI8: 700000466 | AJ8: Sector EMOCIONES Dolly | AK8: =_xlfn.XLOOKUP(AI8,'Histórico Actividad'!B:B,'Histórico Actividad'!P:P) -> 1.0123796 | AL8: =VLOOKUP(AK8,$AN$1:$AP$5,3,TRUE) -> 3
A9: 700000428 | B9: Sector GALERÍA Yurieth | C9: Montería | D9: 54 | E9: 93 | F9: 84 | G9: 88 | H9: 73 | I9: 60 | J9: 77 | K9: 53 | L9: 63 | M9: 113 | N9: 64 | O9: 51 | P9: 58 | Q9: =VLOOKUP(A9,[3]CUBO!$C:$DY,127,FALSE) -> 71 | R9: =VLOOKUP(A9,[4]CUBO!$C:$DY,127,FALSE) -> 63 | S9: =VLOOKUP(A9,[5]CUBO!$C:$DY,127,FALSE) -> 68 | T9: =VLOOKUP(A9,[6]CUBO!$C:$DY,127,FALSE) -> 44 | U9: =VLOOKUP(A9,[7]CUBO!$C:$DY,127,FALSE) -> 47 | V9: =VLOOKUP(A9,[8]CUBO!$C:$DY,127,FALSE) -> 104 | W9: =VLOOKUP(A9,[9]CUBO!$C:$DY,127,FALSE) -> 65 | X9: =VLOOKUP(A9,[10]CUBO!$C:$DY,127,FALSE) -> 92 | Y9: =VLOOKUP(A9,[11]CUBO!$C:$DY,127,FALSE) -> 92 | Z9: =VLOOKUP(A9,[12]CUBO!$C:$DY,127,FALSE) -> 66 | AA9: =_xlfn.XLOOKUP(A9,[13]CUBO!$B:$B,[13]CUBO!$DX:$DX) -> 76 | AB9: 79 | AC9: 80 | AD9: 76 | AE9: 101 | AF9: =ROUND(AVERAGE(U9:AE9),0) -> 80 | AG9: =VLOOKUP(A9,$AI$2:$AL$21,4,FALSE)+AF9 -> 80 | AI9: 700000098 | AJ9: Sector MOSAICO Julieth | AK9: =_xlfn.XLOOKUP(AI9,'Histórico Actividad'!B:B,'Histórico Actividad'!P:P) -> 1.0475352 | AL9: =VLOOKUP(AK9,$AN$1:$AP$5,3,TRUE) -> 3
A10: 700000278 | B10: Sector CREACIÓN Perla | C10: Sucre_Magangue | D10: 56 | E10: 57 | F10: 56 | G10: 76 | H10: 53 | I10: 50 | J10: 44 | K10: 54 | L10: 45 | M10: 86 | N10: 80 | O10: 76 | P10: 73 | Q10: =VLOOKUP(A10,[3]CUBO!$C:$DY,127,FALSE) -> 66 | R10: =VLOOKUP(A10,[4]CUBO!$C:$DY,127,FALSE) -> 62 | S10: =VLOOKUP(A10,[5]CUBO!$C:$DY,127,FALSE) -> 42 | T10: =VLOOKUP(A10,[6]CUBO!$C:$DY,127,FALSE) -> 47 | U10: =VLOOKUP(A10,[7]CUBO!$C:$DY,127,FALSE) -> 22 | V10: =VLOOKUP(A10,[8]CUBO!$C:$DY,127,FALSE) -> 44 | W10: =VLOOKUP(A10,[9]CUBO!$C:$DY,127,FALSE) -> 62 | X10: =VLOOKUP(A10,[10]CUBO!$C:$DY,127,FALSE) -> 62 | Y10: =VLOOKUP(A10,[11]CUBO!$C:$DY,127,FALSE) -> 67 | Z10: =VLOOKUP(A10,[12]CUBO!$C:$DY,127,FALSE) -> 47 | AA10: =_xlfn.XLOOKUP(A10,[13]CUBO!$B:$B,[13]CUBO!$DX:$DX) -> 49 | AB10: 45 | AC10: 46 | AD10: 37 | AE10: 42 | AF10: =ROUND(AVERAGE(U10:AE10),0) -> 48 | AG10: =VLOOKUP(A10,$AI$2:$AL$21,4,FALSE)+AF10 -> 52 | AI10: 700000178 | AJ10: Sector DESTELLO Karina | AK10: =_xlfn.XLOOKUP(AI10,'Histórico Actividad'!B:B,'Histórico Actividad'!P:P) -> 0.98698995 | AL10: =VLOOKUP(AK10,$AN$1:$AP$5,3,TRUE) -> 4
A11: 700000178 | B11: Sector DESTELLO Karina | C11: Sucre_Sincelejo | D11: 94 | E11: 99 | F11: 89 | G11: 106 | H11: 88 | I11: 70 | J11: 68 | K11: 94 | L11: 62 | M11: 119 | N11: 68 | O11: 95 | P11: 60 | Q11: =VLOOKUP(A11,[3]CUBO!$C:$DY,127,FALSE) -> 72 | R11: =VLOOKUP(A11,[4]CUBO!$C:$DY,127,FALSE) -> 98 | S11: =VLOOKUP(A11,[5]CUBO!$C:$DY,127,FALSE) -> 70 | T11: =VLOOKUP(A11,[6]CUBO!$C:$DY,127,FALSE) -> 65 | U11: =VLOOKUP(A11,[7]CUBO!$C:$DY,127,FALSE) -> 81 | V11: =VLOOKUP(A11,[8]CUBO!$C:$DY,127,FALSE) -> 103 | W11: =VLOOKUP(A11,[9]CUBO!$C:$DY,127,FALSE) -> 61 | X11: =VLOOKUP(A11,[10]CUBO!$C:$DY,127,FALSE) -> 81 | Y11: =VLOOKUP(A11,[11]CUBO!$C:$DY,127,FALSE) -> 108 | Z11: =VLOOKUP(A11,[12]CUBO!$C:$DY,127,FALSE) -> 81 | AA11: =_xlfn.XLOOKUP(A11,[13]CUBO!$B:$B,[13]CUBO!$DX:$DX) -> 72 | AB11: 74 | AC11: 73 | AD11: 76 | AE11: 112 | AF11: =ROUND(AVERAGE(U11:AE11),0) -> 84 | AG11: =VLOOKUP(A11,$AI$2:$AL$21,4,FALSE)+AF11 -> 88 | AI11: 700000232 | AJ11: Sector EXPRESIÓN Nayibe | AK11: =_xlfn.XLOOKUP(AI11,'Histórico Actividad'!B:B,'Histórico Actividad'!P:P) -> 0.9691358 | AL11: =VLOOKUP(AK11,$AN$1:$AP$5,3,TRUE) -> 4
A12: 700000423 | B12: Sector ARMONÍA Claudia | C12: Sucre_Sincelejo | D12: 69 | E12: 79 | F12: 68 | G12: 83 | H12: 86 | I12: 79 | J12: 73 | K12: 78 | L12: 89 | M12: 115 | N12: 80 | O12: 94 | P12: 66 | Q12: =VLOOKUP(A12,[3]CUBO!$C:$DY,127,FALSE) -> 81 | R12: =VLOOKUP(A12,[4]CUBO!$C:$DY,127,FALSE) -> 90 | S12: =VLOOKUP(A12,[5]CUBO!$C:$DY,127,FALSE) -> 75 | T12: =VLOOKUP(A12,[6]CUBO!$C:$DY,127,FALSE) -> 70 | U12: =VLOOKUP(A12,[7]CUBO!$C:$DY,127,FALSE) -> 67 | V12: =VLOOKUP(A12,[8]CUBO!$C:$DY,127,FALSE) -> 81 | W12: =VLOOKUP(A12,[9]CUBO!$C:$DY,127,FALSE) -> 71 | X12: =VLOOKUP(A12,[10]CUBO!$C:$DY,127,FALSE) -> 93 | Y12: =VLOOKUP(A12,[11]CUBO!$C:$DY,127,FALSE) -> 95 | Z12: =VLOOKUP(A12,[12]CUBO!$C:$DY,127,FALSE) -> 82 | AA12: =_xlfn.XLOOKUP(A12,[13]CUBO!$B:$B,[13]CUBO!$DX:$DX) -> 86 | AB12: 68 | AC12: 73 | AD12: 62 | AE12: 67 | AF12: =ROUND(AVERAGE(U12:AE12),0) -> 77 | AG12: =VLOOKUP(A12,$AI$2:$AL$21,4,FALSE)+AF12 -> 80 | AI12: 700000456 | AJ12: Sector ACUARELA Yeimi | AK12: =_xlfn.XLOOKUP(AI12,'Histórico Actividad'!B:B,'Histórico Actividad'!P:P) -> 1.0253782 | AL12: =VLOOKUP(AK12,$AN$1:$AP$5,3,TRUE) -> 3
A13: 700000232 | B13: Sector EXPRESIÓN Nayibe | C13: Poblaciones Cundinamarca_Facatativá/Madrid | D13: 37 | E13: 45 | F13: 52 | G13: 76 | H13: 45 | I13: 47 | J13: 69 | K13: 59 | L13: 50 | M13: 75 | N13: 95 | O13: 58 | P13: 57 | Q13: =VLOOKUP(A13,[3]CUBO!$C:$DY,127,FALSE) -> 64 | R13: =VLOOKUP(A13,[4]CUBO!$C:$DY,127,FALSE) -> 46 | S13: =VLOOKUP(A13,[5]CUBO!$C:$DY,127,FALSE) -> 29 | T13: =VLOOKUP(A13,[6]CUBO!$C:$DY,127,FALSE) -> 29 | U13: =VLOOKUP(A13,[7]CUBO!$C:$DY,127,FALSE) -> 31 | V13: =VLOOKUP(A13,[8]CUBO!$C:$DY,127,FALSE) -> 47 | W13: =VLOOKUP(A13,[9]CUBO!$C:$DY,127,FALSE) -> 46 | X13: =VLOOKUP(A13,[10]CUBO!$C:$DY,127,FALSE) -> 56 | Y13: =VLOOKUP(A13,[11]CUBO!$C:$DY,127,FALSE) -> 57 | Z13: =VLOOKUP(A13,[12]CUBO!$C:$DY,127,FALSE) -> 45 | AA13: =_xlfn.XLOOKUP(A13,[13]CUBO!$B:$B,[13]CUBO!$DX:$DX) -> 48 | AB13: 33 | AC13: 38 | AD13: 44 | AE13: 40 | AF13: =ROUND(AVERAGE(U13:AE13),0) -> 44 | AG13: =VLOOKUP(A13,$AI$2:$AL$21,4,FALSE)+AF13 -> 48 | AI13: 700000133 | AJ13: Sector INSPIRACIÓN Vanesa | AK13: =_xlfn.XLOOKUP(AI13,'Histórico Actividad'!B:B,'Histórico Actividad'!P:P) -> 1.009311 | AL13: =VLOOKUP(AK13,$AN$1:$AP$5,3,TRUE) -> 3
A14: 700000459 | B14: Sector MATICES Clery | C14: Poblaciones Cundinamarca_Facatativá/Madrid | D14: 26 | E14: 30 | F14: 52 | G14: 57 | H14: 37 | I14: 43 | J14: 46 | K14: 30 | L14: 31 | M14: 57 | N14: 55 | O14: 64 | P14: 46 | Q14: =VLOOKUP(A14,[3]CUBO!$C:$DY,127,FALSE) -> 48 | R14: =VLOOKUP(A14,[4]CUBO!$C:$DY,127,FALSE) -> 53 | S14: =VLOOKUP(A14,[5]CUBO!$C:$DY,127,FALSE) -> 37 | T14: =VLOOKUP(A14,[6]CUBO!$C:$DY,127,FALSE) -> 19 | U14: =VLOOKUP(A14,[7]CUBO!$C:$DY,127,FALSE) -> 31 | V14: =VLOOKUP(A14,[8]CUBO!$C:$DY,127,FALSE) -> 39 | W14: =VLOOKUP(A14,[9]CUBO!$C:$DY,127,FALSE) -> 46 | X14: =VLOOKUP(A14,[10]CUBO!$C:$DY,127,FALSE) -> 72 | Y14: =VLOOKUP(A14,[11]CUBO!$C:$DY,127,FALSE) -> 63 | Z14: =VLOOKUP(A14,[12]CUBO!$C:$DY,127,FALSE) -> 74 | AA14: =_xlfn.XLOOKUP(A14,[13]CUBO!$B:$B,[13]CUBO!$DX:$DX) -> 67 | AB14: 47 | AC14: 54 | AD14: 80 | AE14: 62 | AF14: =ROUND(AVERAGE(U14:AE14),0) -> 58 | AG14: =VLOOKUP(A14,$AI$2:$AL$21,4,FALSE)+AF14 -> 58 | AI14: 700000458 | AJ14: Sector LIENZO Ángela | AK14: =_xlfn.XLOOKUP(AI14,'Histórico Actividad'!B:B,'Histórico Actividad'!P:P) -> 1.0176803 | AL14: =VLOOKUP(AK14,$AN$1:$AP$5,3,TRUE) -> 3
A15: 700000245 | B15: Sector ARTESANÍA Fernanda | C15: Boyacá_Chiquinquirá Boyacá | D15: 24 | E15: 31 | F15: 50 | G15: 36 | H15: 31 | I15: 29 | J15: 42 | K15: 42 | L15: 28 | M15: 77 | N15: 36 | O15: 45 | P15: 36 | Q15: =VLOOKUP(A15,[3]CUBO!$C:$DY,127,FALSE) -> 43 | R15: =VLOOKUP(A15,[4]CUBO!$C:$DY,127,FALSE) -> 53 | S15: =VLOOKUP(A15,[5]CUBO!$C:$DY,127,FALSE) -> 46 | T15: =VLOOKUP(A15,[6]CUBO!$C:$DY,127,FALSE) -> 20 | U15: =VLOOKUP(A15,[7]CUBO!$C:$DY,127,FALSE) -> 43 | V15: =VLOOKUP(A15,[8]CUBO!$C:$DY,127,FALSE) -> 40 | W15: =VLOOKUP(A15,[9]CUBO!$C:$DY,127,FALSE) -> 44 | X15: =VLOOKUP(A15,[10]CUBO!$C:$DY,127,FALSE) -> 34 | Y15: =VLOOKUP(A15,[11]CUBO!$C:$DY,127,FALSE) -> 50 | Z15: =VLOOKUP(A15,[12]CUBO!$C:$DY,127,FALSE) -> 44 | AA15: =_xlfn.XLOOKUP(A15,[13]CUBO!$B:$B,[13]CUBO!$DX:$DX) -> 52 | AB15: 46 | AC15: 25 | AD15: 36 | AE15: 39 | AF15: =ROUND(AVERAGE(U15:AE15),0) -> 41 | AG15: =VLOOKUP(A15,$AI$2:$AL$21,4,FALSE)+AF15 -> 45 | AI15: 700000245 | AJ15: Sector ARTESANÍA Fernanda | AK15: =_xlfn.XLOOKUP(AI15,'Histórico Actividad'!B:B,'Histórico Actividad'!P:P) -> 0.95555556 | AL15: =VLOOKUP(AK15,$AN$1:$AP$5,3,TRUE) -> 4
A16: 700000466 | B16: Sector EMOCIONES Dolly | C16: Boyacá_DuitamaBoyacá | D16: 32 | E16: 26 | F16: 42 | G16: 35 | H16: 40 | I16: 44 | J16: 45 | K16: 23 | L16: 44 | M16: 68 | N16: 44 | O16: 38 | P16: 49 | Q16: =VLOOKUP(A16,[3]CUBO!$C:$DY,127,FALSE) -> 50 | R16: =VLOOKUP(A16,[4]CUBO!$C:$DY,127,FALSE) -> 40 | S16: =VLOOKUP(A16,[5]CUBO!$C:$DY,127,FALSE) -> 42 | T16: =VLOOKUP(A16,[6]CUBO!$C:$DY,127,FALSE) -> 20 | U16: =VLOOKUP(A16,[7]CUBO!$C:$DY,127,FALSE) -> 15 | V16: =VLOOKUP(A16,[8]CUBO!$C:$DY,127,FALSE) -> 46 | W16: =VLOOKUP(A16,[9]CUBO!$C:$DY,127,FALSE) -> 43 | X16: =VLOOKUP(A16,[10]CUBO!$C:$DY,127,FALSE) -> 42 | Y16: =VLOOKUP(A16,[11]CUBO!$C:$DY,127,FALSE) -> 50 | Z16: =VLOOKUP(A16,[12]CUBO!$C:$DY,127,FALSE) -> 60 | AA16: =_xlfn.XLOOKUP(A16,[13]CUBO!$B:$B,[13]CUBO!$DX:$DX) -> 45 | AB16: 36 | AC16: 39 | AD16: 53 | AE16: 46 | AF16: =ROUND(AVERAGE(U16:AE16),0) -> 43 | AG16: =VLOOKUP(A16,$AI$2:$AL$21,4,FALSE)+AF16 -> 46 | AI16: 700000022 | AJ16: Sector BRILLO Kelly | AK16: =_xlfn.XLOOKUP(AI16,'Histórico Actividad'!B:B,'Histórico Actividad'!P:P) -> 0.96411355 | AL16: =VLOOKUP(AK16,$AN$1:$AP$5,3,TRUE) -> 4
A17: 700000458 | B17: Sector LIENZO Ángela | C17: Poblaciones Cundinamarca_Chía | D17: 20 | E17: 56 | F17: 52 | G17: 54 | H17: 37 | I17: 43 | J17: 51 | K17: 48 | L17: 29 | M17: 85 | N17: 39 | O17: 31 | P17: 36 | Q17: =VLOOKUP(A17,[3]CUBO!$C:$DY,127,FALSE) -> 33 | R17: =VLOOKUP(A17,[4]CUBO!$C:$DY,127,FALSE) -> 48 | S17: =VLOOKUP(A17,[5]CUBO!$C:$DY,127,FALSE) -> 40 | T17: =VLOOKUP(A17,[6]CUBO!$C:$DY,127,FALSE) -> 38 | U17: =VLOOKUP(A17,[7]CUBO!$C:$DY,127,FALSE) -> 19 | V17: =VLOOKUP(A17,[8]CUBO!$C:$DY,127,FALSE) -> 34 | W17: =VLOOKUP(A17,[9]CUBO!$C:$DY,127,FALSE) -> 50 | X17: =VLOOKUP(A17,[10]CUBO!$C:$DY,127,FALSE) -> 53 | Y17: =VLOOKUP(A17,[11]CUBO!$C:$DY,127,FALSE) -> 45 | Z17: =VLOOKUP(A17,[12]CUBO!$C:$DY,127,FALSE) -> 53 | AA17: =_xlfn.XLOOKUP(A17,[13]CUBO!$B:$B,[13]CUBO!$DX:$DX) -> 46 | AB17: 39 | AC17: 38 | AD17: 69 | AE17: 51 | AF17: =ROUND(AVERAGE(U17:AE17),0) -> 45 | AG17: =VLOOKUP(A17,$AI$2:$AL$21,4,FALSE)+AF17 -> 48 | AI17: 700000457 | AJ17: Sector PINCEL Iliana | AK17: =_xlfn.XLOOKUP(AI17,'Histórico Actividad'!B:B,'Histórico Actividad'!P:P) -> 0.9645464 | AL17: =VLOOKUP(AK17,$AN$1:$AP$5,3,TRUE) -> 4
... A21: 700000456 | B21: Sector ACUARELA Yeimi | C21: Bogotá_Norte-Centro | D21: 28 | E21: 37 | F21: 55 | G21: 43 | H21: 38 | I21: 42 | J21: 59 | K21: 42 | L21: 44 | M21: 78 | N21: 37 | O21: 46 | P21: 44 | Q21: =VLOOKUP(A21,[3]CUBO!$C:$DY,127,FALSE) -> 41 | R21: =VLOOKUP(A21,[4]CUBO!$C:$DY,127,FALSE) -> 61 | S21: =VLOOKUP(A21,[5]CUBO!$C:$DY,127,FALSE) -> 37 | T21: =VLOOKUP(A21,[6]CUBO!$C:$DY,127,FALSE) -> 56 | U21: =VLOOKUP(A21,[7]CUBO!$C:$DY,127,FALSE) -> 40 | V21: =VLOOKUP(A21,[8]CUBO!$C:$DY,127,FALSE) -> 71 | W21: =VLOOKUP(A21,[9]CUBO!$C:$DY,127,FALSE) -> 74 | X21: =VLOOKUP(A21,[10]CUBO!$C:$DY,127,FALSE) -> 71 | Y21: =VLOOKUP(A21,[11]CUBO!$C:$DY,127,FALSE) -> 70 | Z21: =VLOOKUP(A21,[12]CUBO!$C:$DY,127,FALSE) -> 65 | AA21: =_xlfn.XLOOKUP(A21,[13]CUBO!$B:$B,[13]CUBO!$DX:$DX) -> 77 | AB21: 65 | AC21: 58 | AD21: 68 | AE21: 71 | AF21: =ROUND(AVERAGE(U21:AE21),0) -> 66 | AG21: =VLOOKUP(A21,$AI$2:$AL$21,4,FALSE)+AF21 -> 69 | AI21: 700000455 | AJ21: Sector ESPLENDOR Carolina | AK21: =_xlfn.XLOOKUP(AI21,'Histórico Actividad'!B:B,'Histórico Actividad'!P:P) -> 1.0455965 | AL21: =VLOOKUP(AK21,$AN$1:$AP$5,3,TRUE) -> 3
D22: =SUM(D2:D21) -> 730 | E22: =SUM(E2:E21) -> 1046 | F22: =SUM(F2:F21) -> 1115 | G22: =SUM(G2:G21) -> 1165 | H22: =SUM(H2:H21) -> 991 | I22: =SUM(I2:I21) -> 976 | J22: =SUM(J2:J21) -> 1066 | K22: =SUM(K2:K21) -> 919 | ... AE22: =SUM(AE2:AE21) -> 1144 | AF22: =ROUND(AVERAGE(U22:AE22),0) -> 1091 | AG22: =SUM(AG2:AG21) -> 1155
AE23: OBJ C12 | AF23: =Activas!N2 -> 1152 | AG23: =AG22-AF23 -> 3
AE24: Exigencia a más | AF24: =AF23-AF22 -> 61
AE25: Inicios x sector | AF25: =AF24/20 -> 3.05

Sheet Histórico Recuperos
A1: Recuperos
A2: Cod. Sector | B2: Sector | C2: Clúster | D2: 202501 | E2: 202502 | F2: 202503 | G2: 202504 | H2: 202505 | I2: 202506 | J2: =I2+1 -> 202507 | K2: =J2+1 -> 202508 | L2: =K2+1 -> 202509 | M2: =L2+1 -> 202510 | N2: =M2+1 -> 202511 | O2: =N2+1 -> 202512 | P2: =O2+1 -> 202513 | Q2: =P2+1 -> 202514 | ... T2: =S2+1 -> 202517 | U2: 202601 | V2: =U2+1 -> 202602 | W2: =V2+1 -> 202603 | X2: =W2+1 -> 202604 | Y2: =X2+1 -> 202605 | Z2: =Y2+1 -> 202606 | AA2: =Z2+1 -> 202607 | AB2: =AA2+1 -> 202608 | AC2: =AB2+1 -> 202609 | ... AE2: =AD2+1 -> 202611
A3: 700000005 | B3: Sector MAGIA Catalina | C3: Bogotá_Norte-Centro | D3: 58 | E3: 96 | F3: 70 | G3: 64 | H3: 85 | I3: 86 | J3: 103 | K3: 69 | L3: 36 | M3: 65 | N3: 94 | O3: 49 | P3: 123 | Q3: 108 | R3: 87 | S3: =VLOOKUP(A3,[5]CUBO!$C:$EG,135,FALSE) -> 34 | T3: =VLOOKUP(A3,[6]CUBO!$C:$EG,135,FALSE) -> 49 | U3: =VLOOKUP(A3,[7]CUBO!$C:$EG,135,FALSE) -> 25 | V3: =VLOOKUP(A3,[8]CUBO!$C:$EG,135,FALSE) -> 68
A4: 700000021 | B4: Sector COLORES Karen | C4: Bogotá_Norte-Centro | D4: 64 | E4: 77 | F4: 98 | G4: 90 | H4: 74 | I4: 55 | J4: 73 | K4: 82 | L4: 37 | M4: 91 | N4: 75 | O4: 71 | P4: 121 | Q4: 101 | R4: 101 | S4: =VLOOKUP(A4,[5]CUBO!$C:$EG,135,FALSE) -> 74 | T4: =VLOOKUP(A4,[6]CUBO!$C:$EG,135,FALSE) -> 109 | U4: =VLOOKUP(A4,[7]CUBO!$C:$EG,135,FALSE) -> 82 | V4: =VLOOKUP(A4,[8]CUBO!$C:$EG,135,FALSE) -> 105 | W4: =VLOOKUP(A4,[9]CUBO!$C:$EG,135,FALSE) -> 141 | X4: =VLOOKUP(A4,[10]CUBO!$C:$EG,135,FALSE) -> 107 | Y4: =VLOOKUP(A4,[11]CUBO!$C:$EG,135,FALSE) -> 91 | Z4: =VLOOKUP(A4,[12]CUBO!$C:$EG,135,FALSE) -> 89 | AA4: =_xlfn.XLOOKUP(A4,[13]CUBO!$B:$B,[13]CUBO!$EF:$EF) -> 128 | AB4: 123 | AC4: 95 | AD4: 108 | AE4: 114
A5: 700000455 | B5: Sector ESPLENDOR Carolina | C5: Bogotá_Norte-Centro | D5: 46 | E5: 59 | F5: 65 | G5: 62 | H5: 46 | I5: 42 | J5: 85 | K5: 64 | L5: 71 | M5: 53 | N5: 63 | O5: 32 | P5: 56 | Q5: 69 | R5: 69 | S5: =VLOOKUP(A5,[5]CUBO!$C:$EG,135,FALSE) -> 83 | T5: =VLOOKUP(A5,[6]CUBO!$C:$EG,135,FALSE) -> 60 | U5: =VLOOKUP(A5,[7]CUBO!$C:$EG,135,FALSE) -> 46 | V5: =VLOOKUP(A5,[8]CUBO!$C:$EG,135,FALSE) -> 72 | W5: =VLOOKUP(A5,[9]CUBO!$C:$EG,135,FALSE) -> 93 | X5: =VLOOKUP(A5,[10]CUBO!$C:$EG,135,FALSE) -> 120 | Y5: =VLOOKUP(A5,[11]CUBO!$C:$EG,135,FALSE) -> 61 | Z5: =VLOOKUP(A5,[12]CUBO!$C:$EG,135,FALSE) -> 62 | AA5: =_xlfn.XLOOKUP(A5,[13]CUBO!$B:$B,[13]CUBO!$EF:$EF) -> 97 | AB5: 53 | AC5: 92 | AD5: 61 | AE5: 117
A6: 700000457 | B6: Sector PINCEL Iliana | C6: Bogotá_Norte-Centro | D6: 51 | E6: 61 | F6: 86 | G6: 82 | H6: 53 | I6: 47 | J6: 50 | K6: 52 | L6: 29 | M6: 68 | N6: 66 | O6: 43 | P6: 66 | Q6: 74 | R6: 78 | S6: =VLOOKUP(A6,[5]CUBO!$C:$EG,135,FALSE) -> 60 | T6: =VLOOKUP(A6,[6]CUBO!$C:$EG,135,FALSE) -> 71 | U6: =VLOOKUP(A6,[7]CUBO!$C:$EG,135,FALSE) -> 65 | V6: =VLOOKUP(A6,[8]CUBO!$C:$EG,135,FALSE) -> 50 | W6: =VLOOKUP(A6,[9]CUBO!$C:$EG,135,FALSE) -> 112 | X6: =VLOOKUP(A6,[10]CUBO!$C:$EG,135,FALSE) -> 119 | Y6: =VLOOKUP(A6,[11]CUBO!$C:$EG,135,FALSE) -> 88 | Z6: =VLOOKUP(A6,[12]CUBO!$C:$EG,135,FALSE) -> 65 | AA6: =_xlfn.XLOOKUP(A6,[13]CUBO!$B:$B,[13]CUBO!$EF:$EF) -> 77 | AB6: 97 | AC6: 83 | AD6: 77 | AE6: 98
A7: 700000281 | B7: Sector PICASSO Regina | C7: Poblaciones córdoba_Lórica | D7: 90 | E7: 71 | F7: 63 | G7: 54 | H7: 39 | I7: 45 | J7: 52 | K7: 48 | L7: 48 | M7: 52 | N7: 55 | O7: 49 | P7: 49 | Q7: 57 | R7: 57 | S7: =VLOOKUP(A7,[5]CUBO!$C:$EG,135,FALSE) -> 49 | T7: =VLOOKUP(A7,[6]CUBO!$C:$EG,135,FALSE) -> 62 | U7: =VLOOKUP(A7,[7]CUBO!$C:$EG,135,FALSE) -> 65 | V7: =VLOOKUP(A7,[8]CUBO!$C:$EG,135,FALSE) -> 74 | W7: =VLOOKUP(A7,[9]CUBO!$C:$EG,135,FALSE) -> 55 | X7: =VLOOKUP(A7,[10]CUBO!$C:$EG,135,FALSE) -> 34 | Y7: =VLOOKUP(A7,[11]CUBO!$C:$EG,135,FALSE) -> 63 | Z7: =VLOOKUP(A7,[12]CUBO!$C:$EG,135,FALSE) -> 35 | AA7: =_xlfn.XLOOKUP(A7,[13]CUBO!$B:$B,[13]CUBO!$EF:$EF) -> 41 | AB7: 46 | AC7: 31 | AD7: 47 | AE7: 39
A8: 700000254 | B8: Sector CREATIVIDAD Yomaira | C8: Poblaciones córdoba_Tierralta | D8: 50 | E8: 50 | F8: 51 | G8: 29 | H8: 21 | I8: 27 | J8: 36 | K8: 38 | L8: 46 | M8: 51 | N8: 49 | O8: 35 | P8: 43 | Q8: 31 | R8: 38 | S8: =VLOOKUP(A8,[5]CUBO!$C:$EG,135,FALSE) -> 29 | T8: =VLOOKUP(A8,[6]CUBO!$C:$EG,135,FALSE) -> 33 | U8: =VLOOKUP(A8,[7]CUBO!$C:$EG,135,FALSE) -> 42 | V8: =VLOOKUP(A8,[8]CUBO!$C:$EG,135,FALSE) -> 54 | W8: =VLOOKUP(A8,[9]CUBO!$C:$EG,135,FALSE) -> 26 | X8: =VLOOKUP(A8,[10]CUBO!$C:$EG,135,FALSE) -> 37 | Y8: =VLOOKUP(A8,[11]CUBO!$C:$EG,135,FALSE) -> 44 | Z8: =VLOOKUP(A8,[12]CUBO!$C:$EG,135,FALSE) -> 34 | AA8: =_xlfn.XLOOKUP(A8,[13]CUBO!$B:$B,[13]CUBO!$EF:$EF) -> 32 | AB8: 35 | AC8: 28 | AD8: 26 | AE8: 50
A9: 700000098 | B9: Sector MOSAICO Julieth | C9: Montería | D9: 41 | E9: 53 | F9: 55 | G9: 39 | H9: 27 | I9: 31 | J9: 38 | K9: 29 | L9: 21 | M9: 41 | N9: 46 | O9: 52 | P9: 52 | Q9: 37 | R9: 44 | S9: =VLOOKUP(A9,[5]CUBO!$C:$EG,135,FALSE) -> 52 | T9: =VLOOKUP(A9,[6]CUBO!$C:$EG,135,FALSE) -> 33 | U9: =VLOOKUP(A9,[7]CUBO!$C:$EG,135,FALSE) -> 60 | V9: =VLOOKUP(A9,[8]CUBO!$C:$EG,135,FALSE) -> 38 | W9: =VLOOKUP(A9,[9]CUBO!$C:$EG,135,FALSE) -> 38 | X9: =VLOOKUP(A9,[10]CUBO!$C:$EG,135,FALSE) -> 45 | Y9: =VLOOKUP(A9,[11]CUBO!$C:$EG,135,FALSE) -> 54 | Z9: =VLOOKUP(A9,[12]CUBO!$C:$EG,135,FALSE) -> 52 | AA9: =_xlfn.XLOOKUP(A9,[13]CUBO!$B:$B,[13]CUBO!$EF:$EF) -> 35 | AB9: 31 | AC9: 13 | AD9: 82 | AE9: 51
A10: 700000133 | B10: Sector INSPIRACIÓN Vanesa | C10: Montería | D10: 39 | E10: 38 | F10: 49 | G10: 34 | H10: 21 | I10: 19 | J10: 37 | K10: 39 | L10: 37 | M10: 48 | N10: 50 | O10: 33 | P10: 30 | Q10: 37 | R10: 58 | S10: =VLOOKUP(A10,[5]CUBO!$C:$EG,135,FALSE) -> 32 | T10: =VLOOKUP(A10,[6]CUBO!$C:$EG,135,FALSE) -> 25 | U10: =VLOOKUP(A10,[7]CUBO!$C:$EG,135,FALSE) -> 34 | V10: =VLOOKUP(A10,[8]CUBO!$C:$EG,135,FALSE) -> 60 | W10: =VLOOKUP(A10,[9]CUBO!$C:$EG,135,FALSE) -> 34 | X10: =VLOOKUP(A10,[10]CUBO!$C:$EG,135,FALSE) -> 47 | Y10: =VLOOKUP(A10,[11]CUBO!$C:$EG,135,FALSE) -> 47 | Z10: =VLOOKUP(A10,[12]CUBO!$C:$EG,135,FALSE) -> 34 | AA10: =_xlfn.XLOOKUP(A10,[13]CUBO!$B:$B,[13]CUBO!$EF:$EF) -> 25 | AB10: 36 | AC10: 33 | AD10: 35 | AE10: 44
A11: 700000428 | B11: Sector GALERÍA Yurieth | C11: Montería | D11: 29 | E11: 59 | F11: 60 | G11: 52 | H11: 42 | I11: 38 | J11: 43 | K11: 46 | L11: 63 | M11: 64 | N11: 32 | O11: 43 | P11: 32 | Q11: 47 | R11: 43 | S11: =VLOOKUP(A11,[5]CUBO!$C:$EG,135,FALSE) -> 50 | T11: =VLOOKUP(A11,[6]CUBO!$C:$EG,135,FALSE) -> 32 | U11: =VLOOKUP(A11,[7]CUBO!$C:$EG,135,FALSE) -> 41 | V11: =VLOOKUP(A11,[8]CUBO!$C:$EG,135,FALSE) -> 55 | W11: =VLOOKUP(A11,[9]CUBO!$C:$EG,135,FALSE) -> 49 | X11: =VLOOKUP(A11,[10]CUBO!$C:$EG,135,FALSE) -> 75 | Y11: =VLOOKUP(A11,[11]CUBO!$C:$EG,135,FALSE) -> 52 | Z11: =VLOOKUP(A11,[12]CUBO!$C:$EG,135,FALSE) -> 61 | AA11: =_xlfn.XLOOKUP(A11,[13]CUBO!$B:$B,[13]CUBO!$EF:$EF) -> 36 | AB11: 37 | AC11: 39 | AD11: 34 | AE11: 42
A12: 700000278 | B12: Sector CREACIÓN Perla | C12: Sucre_Magangue | D12: 64 | E12: 62 | F12: 65 | G12: 52 | H12: 36 | I12: 36 | J12: 40 | K12: 59 | L12: 45 | M12: 45 | N12: 31 | O12: 51 | P12: 31 | Q12: 50 | R12: 45 | S12: =VLOOKUP(A12,[5]CUBO!$C:$EG,135,FALSE) -> 30 | T12: =VLOOKUP(A12,[6]CUBO!$C:$EG,135,FALSE) -> 37 | U12: =VLOOKUP(A12,[7]CUBO!$C:$EG,135,FALSE) -> 65 | V12: =VLOOKUP(A12,[8]CUBO!$C:$EG,135,FALSE) -> 57 | W12: =VLOOKUP(A12,[9]CUBO!$C:$EG,135,FALSE) -> 68 | X12: =VLOOKUP(A12,[10]CUBO!$C:$EG,135,FALSE) -> 55 | Y12: =VLOOKUP(A12,[11]CUBO!$C:$EG,135,FALSE) -> 63 | Z12: =VLOOKUP(A12,[12]CUBO!$C:$EG,135,FALSE) -> 36 | AA12: =_xlfn.XLOOKUP(A12,[13]CUBO!$B:$B,[13]CUBO!$EF:$EF) -> 38 | AB12: 64 | AC12: 41 | AD12: 50 | AE12: 61
A13: 700000178 | B13: Sector DESTELLO Karina | C13: Sucre_Sincelejo | D13: 44 | E13: 71 | F13: 65 | G13: 50 | H13: 30 | I13: 33 | J13: 35 | K13: 78 | L13: 62 | M13: 85 | N13: 52 | O13: 55 | P13: 46 | Q13: 52 | R13: 57 | S13: =VLOOKUP(A13,[5]CUBO!$C:$EG,135,FALSE) -> 65 | T13: =VLOOKUP(A13,[6]CUBO!$C:$EG,135,FALSE) -> 38 | U13: =VLOOKUP(A13,[7]CUBO!$C:$EG,135,FALSE) -> 84 | V13: =VLOOKUP(A13,[8]CUBO!$C:$EG,135,FALSE) -> 42 | W13: =VLOOKUP(A13,[9]CUBO!$C:$EG,135,FALSE) -> 66 | X13: =VLOOKUP(A13,[10]CUBO!$C:$EG,135,FALSE) -> 61 | Y13: =VLOOKUP(A13,[11]CUBO!$C:$EG,135,FALSE) -> 79 | Z13: =VLOOKUP(A13,[12]CUBO!$C:$EG,135,FALSE) -> 51 | AA13: =_xlfn.XLOOKUP(A13,[13]CUBO!$B:$B,[13]CUBO!$EF:$EF) -> 53 | AB13: 42 | AC13: 50 | AD13: 57 | AE13: 67
A14: 700000423 | B14: Sector ARMONÍA Claudia | C14: Sucre_Sincelejo | D14: 74 | E14: 65 | F14: 56 | G14: 52 | H14: 57 | I14: 30 | J14: 38 | K14: 65 | L14: 89 | M14: 54 | N14: 42 | O14: 62 | P14: 58 | Q14: 64 | R14: 54 | S14: =VLOOKUP(A14,[5]CUBO!$C:$EG,135,FALSE) -> 60 | T14: =VLOOKUP(A14,[6]CUBO!$C:$EG,135,FALSE) -> 52 | U14: =VLOOKUP(A14,[7]CUBO!$C:$EG,135,FALSE) -> 70 | V14: =VLOOKUP(A14,[8]CUBO!$C:$EG,135,FALSE) -> 50 | W14: =VLOOKUP(A14,[9]CUBO!$C:$EG,135,FALSE) -> 46 | X14: =VLOOKUP(A14,[10]CUBO!$C:$EG,135,FALSE) -> 84 | Y14: =VLOOKUP(A14,[11]CUBO!$C:$EG,135,FALSE) -> 78 | Z14: =VLOOKUP(A14,[12]CUBO!$C:$EG,135,FALSE) -> 49 | AA14: =_xlfn.XLOOKUP(A14,[13]CUBO!$B:$B,[13]CUBO!$EF:$EF) -> 66 | AB14: 56 | AC14: 50 | AD14: 45 | AE14: 110
A15: 700000232 | B15: Sector EXPRESIÓN Nayibe | C15: Poblaciones Cundinamarca_Facatativá/Madrid | D15: 55 | E15: 40 | F15: 61 | G15: 52 | H15: 51 | I15: 32 | J15: 48 | K15: 60 | L15: 50 | M15: 64 | N15: 45 | O15: 34 | P15: 49 | Q15: 76 | R15: 82 | S15: =VLOOKUP(A15,[5]CUBO!$C:$EG,135,FALSE) -> 36 | T15: =VLOOKUP(A15,[6]CUBO!$C:$EG,135,FALSE) -> 42 | U15: =VLOOKUP(A15,[7]CUBO!$C:$EG,135,FALSE) -> 74 | V15: =VLOOKUP(A15,[8]CUBO!$C:$EG,135,FALSE) -> 73 | W15: =VLOOKUP(A15,[9]CUBO!$C:$EG,135,FALSE) -> 88 | X15: =VLOOKUP(A15,[10]CUBO!$C:$EG,135,FALSE) -> 51 | Y15: =VLOOKUP(A15,[11]CUBO!$C:$EG,135,FALSE) -> 41 | Z15: =VLOOKUP(A15,[12]CUBO!$C:$EG,135,FALSE) -> 53 | AA15: =_xlfn.XLOOKUP(A15,[13]CUBO!$B:$B,[13]CUBO!$EF:$EF) -> 46 | AB15: 52 | AC15: 59 | AD15: 46 | AE15: 49
... A23: 700000456 | B23: Sector ACUARELA Yeimi | C23: Bogotá_Norte-Centro | D23: 51 | E23: 91 | F23: 90 | G23: 86 | H23: 65 | I23: 47 | J23: 74 | K23: 88 | L23: 44 | M23: 85 | N23: 76 | O23: 62 | P23: 83 | Q23: 90 | R23: 108 | S23: =VLOOKUP(A23,[5]CUBO!$C:$EG,135,FALSE) -> 95 | T23: =VLOOKUP(A23,[6]CUBO!$C:$EG,135,FALSE) -> 107 | U23: =VLOOKUP(A23,[7]CUBO!$C:$EG,135,FALSE) -> 73 | V23: =VLOOKUP(A23,[8]CUBO!$C:$EG,135,FALSE) -> 98 | W23: =VLOOKUP(A23,[9]CUBO!$C:$EG,135,FALSE) -> 107 | X23: =VLOOKUP(A23,[10]CUBO!$C:$EG,135,FALSE) -> 121 | Y23: =VLOOKUP(A23,[11]CUBO!$C:$EG,135,FALSE) -> 79 | Z23: =VLOOKUP(A23,[12]CUBO!$C:$EG,135,FALSE) -> 77 | AA23: =_xlfn.XLOOKUP(A23,[13]CUBO!$B:$B,[13]CUBO!$EF:$EF) -> 109 | AB23: 105 | AC23: 86 | AD23: 93 | AE23: 100
D24: =SUM(D4:D23) -> 1055 | E24: =SUM(E4:E23) -> 1227 | F24: =SUM(F4:F23) -> 1372 | G24: =SUM(G4:G23) -> 1206 | H24: =SUM(H4:H23) -> 911 | I24: =SUM(I4:I23) -> 824 | J24: =SUM(J4:J23) -> 1063 | K24: =SUM(K4:K23) -> 1177 | ... AE24: =SUM(AE4:AE23) -> 1459
A26: Indisponibles Iniciales
A27: Cod. Sector | B27: Sector | C27: Clúster | D27: 202501 | E27: 202502 | F27: 202503 | G27: 202504 | H27: 202505 | I27: 202506 | J27: 202507 | K27: =J27+1 -> 202508 | L27: =K27+1 -> 202509 | M27: =L27+1 -> 202510 | N27: =M27+1 -> 202511 | O27: =N27+1 -> 202512 | P27: =O27+1 -> 202513 | Q27: =P27+1 -> 202514 | R27: =Q27+1 -> 202515 | ... T27: =S27+1 -> 202517 | U27: 202601 | V27: =U27+1 -> 202602 | W27: =V27+1 -> 202603 | X27: =W27+1 -> 202604 | Y27: =X27+1 -> 202605 | Z27: =Y27+1 -> 202606 | AA27: =Z27+1 -> 202607 | AB27: =AA27+1 -> 202608 | AC27: =AB27+1 -> 202609 | ... AF27: =AE27+1 -> 202612
A28: 700000021 | B28: Sector COLORES Karen | C28: Bogotá_Norte-Centro | D28: 249 | E28: 274 | F28: 289 | G28: 270 | H28: 206 | I28: 201 | J28: 235 | K28: 271 | L28: 297 | M28: 286 | N28: 275 | O28: 257 | P28: 296 | Q28: 275 | R28: 267 | S28: =VLOOKUP(A28,'[14]TD Reconstruida'!$Q$3:$W$27,7,FALSE) -> 293 | T28: =VLOOKUP(A28,[15]Hoja1!$Q$6:$W$29,7,FALSE) -> 304 | U28: =VLOOKUP(A28,[16]Hoja1!$Q$6:$W$29,7,FALSE) -> 288 | V28: =VLOOKUP(A28,[17]TD!$Q$6:$W$29,7,FALSE) -> 315 | W28: =VLOOKUP(A28,'[18]TD Reconstruida'!$Q$2:$W$25,7,FALSE) -> 335 | X28: =VLOOKUP(A28,[19]TD!$Q$6:$W$27,7,FALSE) -> 332 | Y28: =VLOOKUP(A28,[20]TD!$Q$6:$W$27,7,FALSE) -> 298 | Z28: =VLOOKUP(A28,[21]TD!$Q$6:$W$27,7,FALSE) -> 286 | AA28: =_xlfn.XLOOKUP(A28,[22]TD!$Q:$Q,[22]TD!$W:$W) -> 300 | AB28: 294 | AC28: 270 | AD28: 304 | AE28: 330 | AF28: 335
A29: 700000455 | B29: Sector ESPLENDOR Carolina | C29: Bogotá_Norte-Centro | D29: 261 | E29: 325 | F29: 337 | G29: 370 | H29: 296 | I29: 267 | J29: 280 | K29: 289 | L29: 301 | M29: 287 | N29: 296 | O29: 282 | P29: 333 | Q29: 380 | R29: 368 | S29: =VLOOKUP(A29,'[14]TD Reconstruida'!$Q$3:$W$27,7,FALSE) -> 415 | T29: =VLOOKUP(A29,[15]Hoja1!$Q$6:$W$29,7,FALSE) -> 360 | U29: =VLOOKUP(A29,[16]Hoja1!$Q$6:$W$29,7,FALSE) -> 390 | V29: =VLOOKUP(A29,[17]TD!$Q$6:$W$29,7,FALSE) -> 389 | W29: =VLOOKUP(A29,'[18]TD Reconstruida'!$Q$2:$W$25,7,FALSE) -> 453 | X29: =VLOOKUP(A29,[19]TD!$Q$6:$W$27,7,FALSE) -> 450 | Y29: =VLOOKUP(A29,[20]TD!$Q$6:$W$27,7,FALSE) -> 370 | Z29: =VLOOKUP(A29,[21]TD!$Q$6:$W$27,7,FALSE) -> 370 | AA29: =_xlfn.XLOOKUP(A29,[22]TD!$Q:$Q,[22]TD!$W:$W) -> 357 | AB29: 344 | AC29: 352 | AD29: 321 | AE29: 267 | AF29: 350
A30: 700000457 | B30: Sector PINCEL Iliana | C30: Bogotá_Norte-Centro | D30: 265 | E30: 305 | F30: 292 | G30: 251 | H30: 175 | I30: 170 | J30: 173 | K30: 226 | L30: 271 | M30: 285 | N30: 257 | O30: 206 | P30: 223 | Q30: 224 | R30: 245 | S30: =VLOOKUP(A30,'[14]TD Reconstruida'!$Q$3:$W$27,7,FALSE) -> 230 | T30: =VLOOKUP(A30,[15]Hoja1!$Q$6:$W$29,7,FALSE) -> 230 | U30: =VLOOKUP(A30,[16]Hoja1!$Q$6:$W$29,7,FALSE) -> 227 | V30: =VLOOKUP(A30,[17]TD!$Q$6:$W$29,7,FALSE) -> 243 | W30: =VLOOKUP(A30,'[18]TD Reconstruida'!$Q$2:$W$25,7,FALSE) -> 336 | X30: =VLOOKUP(A30,[19]TD!$Q$6:$W$27,7,FALSE) -> 353 | Y30: =VLOOKUP(A30,[20]TD!$Q$6:$W$27,7,FALSE) -> 305 | Z30: =VLOOKUP(A30,[21]TD!$Q$6:$W$27,7,FALSE) -> 264 | AA30: =_xlfn.XLOOKUP(A30,[22]TD!$Q:$Q,[22]TD!$W:$W) -> 257 | AB30: 286 | AC30: 269 | AD30: 265 | AE30: 241 | AF30: 271
A31: 700000281 | B31: Sector PICASSO Regina | C31: Poblaciones córdoba_Lórica | D31: 273 | E31: 258 | F31: 235 | G31: 213 | H31: 193 | I31: 210 | J31: 217 | K31: 235 | L31: 234 | M31: 214 | N31: 207 | O31: 188 | P31: 224 | Q31: 257 | R31: 253 | S31: =VLOOKUP(A31,'[14]TD Reconstruida'!$Q$3:$W$27,7,FALSE) -> 292 | T31: =VLOOKUP(A31,[15]Hoja1!$Q$6:$W$29,7,FALSE) -> 268 | U31: =VLOOKUP(A31,[16]Hoja1!$Q$6:$W$29,7,FALSE) -> 257 | V31: =VLOOKUP(A31,[17]TD!$Q$6:$W$29,7,FALSE) -> 240 | W31: =VLOOKUP(A31,'[18]TD Reconstruida'!$Q$2:$W$25,7,FALSE) -> 207 | X31: =VLOOKUP(A31,[19]TD!$Q$6:$W$27,7,FALSE) -> 192 | Y31: =VLOOKUP(A31,[20]TD!$Q$6:$W$27,7,FALSE) -> 210 | Z31: =VLOOKUP(A31,[21]TD!$Q$6:$W$27,7,FALSE) -> 177 | AA31: =_xlfn.XLOOKUP(A31,[22]TD!$Q:$Q,[22]TD!$W:$W) -> 190 | AB31: 194 | AC31: 198 | AD31: 205 | AE31: 205 | AF31: 217
A32: 700000254 | B32: Sector CREATIVIDAD Yomaira | C32: Poblaciones córdoba_Tierralta | D32: 294 | E32: 299 | F32: 273 | G32: 196 | H32: 149 | I32: 130 | J32: 158 | K32: 162 | L32: 157 | M32: 172 | N32: 172 | O32: 170 | P32: 180 | Q32: 179 | R32: 191 | S32: =VLOOKUP(A32,'[14]TD Reconstruida'!$Q$3:$W$27,7,FALSE) -> 213 | T32: =VLOOKUP(A32,[15]Hoja1!$Q$6:$W$29,7,FALSE) -> 208 | U32: =VLOOKUP(A32,[16]Hoja1!$Q$6:$W$29,7,FALSE) -> 210 | V32: =VLOOKUP(A32,[17]TD!$Q$6:$W$29,7,FALSE) -> 223 | W32: =VLOOKUP(A32,'[18]TD Reconstruida'!$Q$2:$W$25,7,FALSE) -> 218 | X32: =VLOOKUP(A32,[19]TD!$Q$6:$W$27,7,FALSE) -> 258 | Y32: =VLOOKUP(A32,[20]TD!$Q$6:$W$27,7,FALSE) -> 242 | Z32: =VLOOKUP(A32,[21]TD!$Q$6:$W$27,7,FALSE) -> 189 | AA32: =_xlfn.XLOOKUP(A32,[22]TD!$Q:$Q,[22]TD!$W:$W) -> 190 | AB32: 181 | AC32: 184 | AD32: 188 | AE32: 185 | AF32: 200
A33: 700000098 | B33: Sector MOSAICO Julieth | C33: Montería | D33: 184 | E33: 191 | F33: 176 | G33: 121 | H33: 100 | I33: 100 | J33: 115 | K33: 114 | L33: 132 | M33: 133 | N33: 142 | O33: 124 | P33: 140 | Q33: 134 | R33: 143 | S33: =VLOOKUP(A33,'[14]TD Reconstruida'!$Q$3:$W$27,7,FALSE) -> 169 | T33: =VLOOKUP(A33,[15]Hoja1!$Q$6:$W$29,7,FALSE) -> 162 | U33: =VLOOKUP(A33,[16]Hoja1!$Q$6:$W$29,7,FALSE) -> 169 | V33: =VLOOKUP(A33,[17]TD!$Q$6:$W$29,7,FALSE) -> 145 | W33: =VLOOKUP(A33,'[18]TD Reconstruida'!$Q$2:$W$25,7,FALSE) -> 179 | X33: =VLOOKUP(A33,[19]TD!$Q$6:$W$27,7,FALSE) -> 188 | Y33: =VLOOKUP(A33,[20]TD!$Q$6:$W$27,7,FALSE) -> 193 | Z33: =VLOOKUP(A33,[21]TD!$Q$6:$W$27,7,FALSE) -> 167 | AA33: =_xlfn.XLOOKUP(A33,[22]TD!$Q:$Q,[22]TD!$W:$W) -> 128 | AB33: 124 | AC33: 105 | AD33: 182 | AE33: 132 | AF33: 138
A34: 700000133 | B34: Sector INSPIRACIÓN Vanesa | C34: Montería | D34: 175 | E34: 191 | F34: 203 | G34: 162 | H34: 124 | I34: 100 | J34: 149 | K34: 159 | L34: 158 | M34: 175 | N34: 169 | O34: 145 | P34: 124 | Q34: 139 | R34: 165 | S34: =VLOOKUP(A34,'[14]TD Reconstruida'!$Q$3:$W$27,7,FALSE) -> 193 | T34: =VLOOKUP(A34,[15]Hoja1!$Q$6:$W$29,7,FALSE) -> 192 | U34: =VLOOKUP(A34,[16]Hoja1!$Q$6:$W$29,7,FALSE) -> 209 | V34: =VLOOKUP(A34,[17]TD!$Q$6:$W$29,7,FALSE) -> 251 | W34: =VLOOKUP(A34,'[18]TD Reconstruida'!$Q$2:$W$25,7,FALSE) -> 220 | X34: =VLOOKUP(A34,[19]TD!$Q$6:$W$27,7,FALSE) -> 213 | Y34: =VLOOKUP(A34,[20]TD!$Q$6:$W$27,7,FALSE) -> 165 | Z34: =VLOOKUP(A34,[21]TD!$Q$6:$W$27,7,FALSE) -> 120 | AA34: =_xlfn.XLOOKUP(A34,[22]TD!$Q:$Q,[22]TD!$W:$W) -> 109 | AB34: 113 | AC34: 111 | AD34: 111 | AE34: 104 | AF34: 114
A35: 700000428 | B35: Sector GALERÍA Yurieth | C35: Montería | D35: 315 | E35: 387 | F35: 420 | G35: 383 | H35: 313 | I35: 233 | J35: 224 | K35: 254 | L35: 301 | M35: 315 | N35: 283 | O35: 262 | P35: 202 | Q35: 226 | R35: 200 | S35: =VLOOKUP(A35,'[14]TD Reconstruida'!$Q$3:$W$27,7,FALSE) -> 229 | T35: =VLOOKUP(A35,[15]Hoja1!$Q$6:$W$29,7,FALSE) -> 214 | U35: =VLOOKUP(A35,[16]Hoja1!$Q$6:$W$29,7,FALSE) -> 262 | V35: =VLOOKUP(A35,[17]TD!$Q$6:$W$29,7,FALSE) -> 283 | W35: =VLOOKUP(A35,'[18]TD Reconstruida'!$Q$2:$W$25,7,FALSE) -> 313 | X35: =VLOOKUP(A35,[19]TD!$Q$6:$W$27,7,FALSE) -> 324 | Y35: =VLOOKUP(A35,[20]TD!$Q$6:$W$27,7,FALSE) -> 254 | Z35: =VLOOKUP(A35,[21]TD!$Q$6:$W$27,7,FALSE) -> 212 | AA35: =_xlfn.XLOOKUP(A35,[22]TD!$Q:$Q,[22]TD!$W:$W) -> 183 | AB35: 220 | AC35: 223 | AD35: 254 | AE35: 304 | AF35: 287
A36: 700000278 | B36: Sector CREACIÓN Perla | C36: Sucre_Magangue | D36: 292 | E36: 337 | F36: 330 | G36: 305 | H36: 236 | I36: 210 | J36: 240 | K36: 264 | L36: 247 | M36: 225 | N36: 214 | O36: 222 | P36: 202 | Q36: 224 | R36: 202 | S36: =VLOOKUP(A36,'[14]TD Reconstruida'!$Q$3:$W$27,7,FALSE) -> 216 | T36: =VLOOKUP(A36,[15]Hoja1!$Q$6:$W$29,7,FALSE) -> 227 | U36: =VLOOKUP(A36,[16]Hoja1!$Q$6:$W$29,7,FALSE) -> 282 | V36: =VLOOKUP(A36,[17]TD!$Q$6:$W$29,7,FALSE) -> 287 | W36: =VLOOKUP(A36,'[18]TD Reconstruida'!$Q$2:$W$25,7,FALSE) -> 291 | X36: =VLOOKUP(A36,[19]TD!$Q$6:$W$27,7,FALSE) -> 252 | Y36: =VLOOKUP(A36,[20]TD!$Q$6:$W$27,7,FALSE) -> 229 | Z36: =VLOOKUP(A36,[21]TD!$Q$6:$W$27,7,FALSE) -> 163 | AA36: =_xlfn.XLOOKUP(A36,[22]TD!$Q:$Q,[22]TD!$W:$W) -> 163 | AB36: 191 | AC36: 203 | AD36: 219 | AE36: 217 | AF36: 230
A37: 700000178 | B37: Sector DESTELLO Karina | C37: Sucre_Sincelejo | D37: 303 | E37: 341 | F37: 331 | G37: 282 | H37: 250 | I37: 245 | J37: 311 | K37: 363 | L37: 355 | M37: 351 | N37: 294 | O37: 305 | P37: 268 | Q37: 304 | R37: 286 | S37: =VLOOKUP(A37,'[14]TD Reconstruida'!$Q$3:$W$27,7,FALSE) -> 357 | T37: =VLOOKUP(A37,[15]Hoja1!$Q$6:$W$29,7,FALSE) -> 318 | U37: =VLOOKUP(A37,[16]Hoja1!$Q$6:$W$29,7,FALSE) -> 359 | V37: =VLOOKUP(A37,[17]TD!$Q$6:$W$29,7,FALSE) -> 300 | W37: =VLOOKUP(A37,'[18]TD Reconstruida'!$Q$2:$W$25,7,FALSE) -> 349 | X37: =VLOOKUP(A37,[19]TD!$Q$6:$W$27,7,FALSE) -> 339 | Y37: =VLOOKUP(A37,[20]TD!$Q$6:$W$27,7,FALSE) -> 329 | Z37: =VLOOKUP(A37,[21]TD!$Q$6:$W$27,7,FALSE) -> 253 | AA37: =_xlfn.XLOOKUP(A37,[22]TD!$Q:$Q,[22]TD!$W:$W) -> 243 | AB37: 242 | AC37: 292 | AD37: 330 | AE37: 305 | AF37: 361
A38: 700000423 | B38: Sector ARMONÍA Claudia | C38: Sucre_Sincelejo | D38: 284 | E38: 294 | F38: 279 | G38: 269 | H38: 250 | I38: 222 | J38: 253 | K38: 276 | L38: 305 | M38: 284 | N38: 277 | O38: 288 | P38: 273 | Q38: 295 | R38: 274 | S38: =VLOOKUP(A38,'[14]TD Reconstruida'!$Q$3:$W$27,7,FALSE) -> 325 | T38: =VLOOKUP(A38,[15]Hoja1!$Q$6:$W$29,7,FALSE) -> 314 | U38: =VLOOKUP(A38,[16]Hoja1!$Q$6:$W$29,7,FALSE) -> 332 | V38: =VLOOKUP(A38,[17]TD!$Q$6:$W$29,7,FALSE) -> 316 | W38: =VLOOKUP(A38,'[18]TD Reconstruida'!$Q$2:$W$25,7,FALSE) -> 329 | X38: =VLOOKUP(A38,[19]TD!$Q$6:$W$27,7,FALSE) -> 356 | Y38: =VLOOKUP(A38,[20]TD!$Q$6:$W$27,7,FALSE) -> 292 | Z38: =VLOOKUP(A38,[21]TD!$Q$6:$W$27,7,FALSE) -> 206 | AA38: =_xlfn.XLOOKUP(A38,[22]TD!$Q:$Q,[22]TD!$W:$W) -> 211 | AB38: 238 | AC38: 263 | AD38: 302 | AE38: 295 | AF38: 360
A39: 700000232 | B39: Sector EXPRESIÓN Nayibe | C39: Poblaciones Cundinamarca_Facatativá/Madrid | D39: 212 | E39: 184 | F39: 189 | G39: 200 | H39: 188 | I39: 180 | J39: 218 | K39: 237 | L39: 264 | M39: 220 | N39: 198 | O39: 179 | P39: 234 | Q39: 257 | R39: 276 | S39: =VLOOKUP(A39,'[14]TD Reconstruida'!$Q$3:$W$27,7,FALSE) -> 264 | T39: =VLOOKUP(A39,[15]Hoja1!$Q$6:$W$29,7,FALSE) -> 278 | U39: =VLOOKUP(A39,[16]Hoja1!$Q$6:$W$29,7,FALSE) -> 321 | V39: =VLOOKUP(A39,[17]TD!$Q$6:$W$29,7,FALSE) -> 334 | W39: =VLOOKUP(A39,'[18]TD Reconstruida'!$Q$2:$W$25,7,FALSE) -> 335 | X39: =VLOOKUP(A39,[19]TD!$Q$6:$W$27,7,FALSE) -> 254 | Y39: =VLOOKUP(A39,[20]TD!$Q$6:$W$27,7,FALSE) -> 215 | Z39: =VLOOKUP(A39,[21]TD!$Q$6:$W$27,7,FALSE) -> 174 | AA39: =_xlfn.XLOOKUP(A39,[22]TD!$Q:$Q,[22]TD!$W:$W) -> 174 | AB39: 190 | AC39: 216 | AD39: 223 | AE39: 203 | AF39: 219
... A47: 700000456 | B47: Sector ACUARELA Yeimi | C47: Bogotá_Norte-Centro | D47: 235 | E47: 278 | F47: 264 | G47: 246 | H47: 192 | I47: 213 | J47: 232 | K47: 254 | L47: 252 | M47: 239 | N47: 229 | O47: 219 | P47: 251 | Q47: 270 | R47: 269 | S47: =VLOOKUP(A47,'[14]TD Reconstruida'!$Q$3:$W$27,7,FALSE) -> 337 | T47: =VLOOKUP(A47,[15]Hoja1!$Q$6:$W$29,7,FALSE) -> 326 | U47: =VLOOKUP(A47,[16]Hoja1!$Q$6:$W$29,7,FALSE) -> 334 | V47: =VLOOKUP(A47,[17]TD!$Q$6:$W$29,7,FALSE) -> 350 | W47: =VLOOKUP(A47,'[18]TD Reconstruida'!$Q$2:$W$25,7,FALSE) -> 355 | X47: =VLOOKUP(A47,[19]TD!$Q$6:$W$27,7,FALSE) -> 364 | Y47: =VLOOKUP(A47,[20]TD!$Q$6:$W$27,7,FALSE) -> 320 | Z47: =VLOOKUP(A47,[21]TD!$Q$6:$W$27,7,FALSE) -> 297 | AA47: =_xlfn.XLOOKUP(A47,[22]TD!$Q:$Q,[22]TD!$W:$W) -> 306 | AB47: 325 | AC47: 287 | AD47: 308 | AE47: 292 | AF47: 291
D48: =SUM(D28:D47) -> 5247 | E48: =SUM(E28:E47) -> 5683 | F48: =SUM(F28:F47) -> 5649 | G48: =SUM(G28:G47) -> 5205 | H48: =SUM(H28:H47) -> 4253 | I48: =SUM(I28:I47) -> 3952 | J48: =SUM(J28:J47) -> 4360 | K48: =SUM(K28:K47) -> 4817 | ... AF48: =SUM(AF28:AF47) -> 5221
A50: Tasa de recuperación
A51: Cod. Sector | B51: Sector | C51: Clúster | D51: 202501 | E51: 202502 | F51: 202503 | G51: 202504 | H51: 202505 | I51: 202506 | J51: 202507 | K51: 202508 | L51: =K51+1 -> 202509 | M51: =L51+1 -> 202510 | N51: =M51+1 -> 202511 | O51: =N51+1 -> 202512 | P51: =O51+1 -> 202513 | Q51: =P51+1 -> 202514 | R51: =Q51+1 -> 202515 | S51: =R51+1 -> 202516 | T51: =S51+1 -> 202517 | U51: 202601 | V51: =U51+1 -> 202602 | W51: =V51+1 -> 202603 | X51: =W51+1 -> 202604 | Y51: =X51+1 -> 202605 | Z51: =Y51+1 -> 202606 | AA51: =Z51+1 -> 202607 | AB51: =AA51+1 -> 202608 | AC51: =AB51+1 -> 202609 | ... AE51: =AD51+1 -> 202611 | AF51: Promedio | AG51: Exigencia | AH51: Obj
A52: 700000021 | B52: Sector COLORES Karen | C52: Bogotá_Norte-Centro | D52: =D4/D28 -> 0.25702811 | E52: =E4/E28 -> 0.2810219 | F52: =F4/F28 -> 0.33910035 | G52: =G4/G28 -> 0.33333333 | H52: =H4/H28 -> 0.3592233 | I52: =I4/I28 -> 0.27363184 | J52: =J4/J28 -> 0.3106383 | K52: =K4/K28 -> 0.30258303 | ... AE52: =AE4/AE28 -> 0.34545455 | AF52: =AVERAGE(U52:AE52) -> 0.35230925 | AG52: =VLOOKUP(A52,$A$77:$E$97,5,0) -> 0.01 | AH52: =AD52+AG52 -> 0.36526316
A53: 700000455 | B53: Sector ESPLENDOR Carolina | C53: Bogotá_Norte-Centro | D53: =D5/D29 -> 0.17624521 | E53: =E5/E29 -> 0.18153846 | F53: =F5/F29 -> 0.19287834 | G53: =G5/G29 -> 0.16756757 | H53: =H5/H29 -> 0.15540541 | I53: =I5/I29 -> 0.15730337 | J53: =J5/J29 -> 0.30357143 | K53: =K5/K29 -> 0.22145329 | ... AE53: =AE5/AE29 -> 0.43820225 | AF53: =AVERAGE(U53:AE53) -> 0.22025557 | AG53: =VLOOKUP(A53,$A$77:$E$97,5,0) -> 0.01 | AH53: =AD53+AG53 -> 0.20003115
A54: 700000457 | B54: Sector PINCEL Iliana | C54: Bogotá_Norte-Centro | D54: =D6/D30 -> 0.19245283 | E54: =E6/E30 -> 0.2 | F54: =F6/F30 -> 0.29452055 | G54: =G6/G30 -> 0.32669323 | H54: =H6/H30 -> 0.30285714 | I54: =I6/I30 -> 0.27647059 | J54: =J6/J30 -> 0.28901734 | K54: =K6/K30 -> 0.2300885 | ... AE54: =AE6/AE30 -> 0.406639 | AF54: =AVERAGE(U54:AE54) -> 0.30380113 | AG54: =VLOOKUP(A54,$A$77:$E$97,5,0) -> 0.012 | AH54: =AD54+AG54 -> 0.30256604
A55: 700000281 | B55: Sector PICASSO Regina | C55: Poblaciones córdoba_Lórica | D55: =D7/D31 -> 0.32967033 | E55: =E7/E31 -> 0.2751938 | F55: =F7/F31 -> 0.26808511 | G55: =G7/G31 -> 0.25352113 | H55: =H7/H31 -> 0.20207254 | I55: =I7/I31 -> 0.21428571 | J55: =J7/J31 -> 0.23963134 | K55: =K7/K31 -> 0.20425532 | ... AE55: =AE7/AE31 -> 0.1902439 | AF55: =AVERAGE(U55:AE55) -> 0.23006875 | AG55: =VLOOKUP(A55,$A$77:$E$97,5,0) -> 0.01 | AH55: =AD55+AG55 -> 0.23926829
A56: 700000254 | B56: Sector CREATIVIDAD Yomaira | C56: Poblaciones córdoba_Tierralta | D56: =D8/D32 -> 0.17006803 | E56: =E8/E32 -> 0.16722408 | F56: =F8/F32 -> 0.18681319 | G56: =G8/G32 -> 0.14795918 | H56: =H8/H32 -> 0.1409396 | I56: =I8/I32 -> 0.20769231 | J56: =J8/J32 -> 0.2278481 | K56: =K8/K32 -> 0.2345679 | ... AE56: =AE8/AE32 -> 0.27027027 | AF56: =AVERAGE(U56:AE56) -> 0.180825 | AG56: =VLOOKUP(A56,$A$77:$E$97,5,0) -> 0.014 | AH56: =AD56+AG56 -> 0.15229787
A57: 700000098 | B57: Sector MOSAICO Julieth | C57: Montería | D57: =D9/D33 -> 0.22282609 | E57: =E9/E33 -> 0.27748691 | F57: =F9/F33 -> 0.3125 | G57: =G9/G33 -> 0.32231405 | H57: =H9/H33 -> 0.27 | I57: =I9/I33 -> 0.31 | J57: =J9/J33 -> 0.33043478 | K57: =K9/K33 -> 0.25438596 | ... AE57: =AE9/AE33 -> 0.38636364 | AF57: =AVERAGE(U57:AE57) -> 0.28582553 | AG57: =VLOOKUP(A57,$A$77:$E$97,5,0) -> 0.01 | AH57: =AD57+AG57 -> 0.46054945
A58: 700000133 | B58: Sector INSPIRACIÓN Vanesa | C58: Montería | D58: =D10/D34 -> 0.22285714 | E58: =E10/E34 -> 0.19895288 | F58: =F10/F34 -> 0.24137931 | G58: =G10/G34 -> 0.20987654 | H58: =H10/H34 -> 0.16935484 | I58: =I10/I34 -> 0.19 | J58: =J10/J34 -> 0.24832215 | K58: =K10/K34 -> 0.24528302 | ... AE58: =AE10/AE34 -> 0.42307692 | AF58: =AVERAGE(U58:AE58) -> 0.26624902 | AG58: =VLOOKUP(A58,$A$77:$E$97,5,0) -> 0.01 | AH58: =AD58+AG58 -> 0.32531532
A59: 700000428 | B59: Sector GALERÍA Yurieth | C59: Montería | D59: =D11/D35 -> 0.092063492 | E59: =E11/E35 -> 0.15245478 | F59: =F11/F35 -> 0.14285714 | G59: =G11/G35 -> 0.13577023 | H59: =H11/H35 -> 0.1341853 | I59: =I11/I35 -> 0.16309013 | J59: =J11/J35 -> 0.19196429 | K59: =K11/K35 -> 0.18110236 | ... AE59: =AE11/AE35 -> 0.13815789 | AF59: =AVERAGE(U59:AE59) -> 0.18573939 | AG59: =VLOOKUP(A59,$A$77:$E$97,5,0) -> 0.008 | AH59: =AD59+AG59 -> 0.14185827
A60: 700000278 | B60: Sector CREACIÓN Perla | C60: Sucre_Magangue | D60: =D12/D36 -> 0.21917808 | E60: =E12/E36 -> 0.18397626 | F60: =F12/F36 -> 0.1969697 | G60: =G12/G36 -> 0.1704918 | H60: =H12/H36 -> 0.15254237 | I60: =I12/I36 -> 0.17142857 | J60: =J12/J36 -> 0.16666667 | K60: =K12/K36 -> 0.22348485 | ... AE60: =AE12/AE36 -> 0.28110599 | AF60: =AVERAGE(U60:AE60) -> 0.24150873 | AG60: =VLOOKUP(A60,$A$77:$E$97,5,0) -> 0.012 | AH60: =AD60+AG60 -> 0.2403105
A61: 700000178 | B61: Sector DESTELLO Karina | C61: Sucre_Sincelejo | D61: =D13/D37 -> 0.14521452 | E61: =E13/E37 -> 0.20821114 | F61: =F13/F37 -> 0.19637462 | G61: =G13/G37 -> 0.17730496 | H61: =H13/H37 -> 0.12 | I61: =I13/I37 -> 0.13469388 | J61: =J13/J37 -> 0.11254019 | K61: =K13/K37 -> 0.21487603 | ... AE61: =AE13/AE37 -> 0.21967213 | AF61: =AVERAGE(U61:AE61) -> 0.19454833 | AG61: =VLOOKUP(A61,$A$77:$E$97,5,0) -> 0.012 | AH61: =AD61+AG61 -> 0.18472727
A62: 700000423 | B62: Sector ARMONÍA Claudia | C62: Sucre_Sincelejo | D62: =D14/D38 -> 0.26056338 | E62: =E14/E38 -> 0.22108844 | F62: =F14/F38 -> 0.20071685 | G62: =G14/G38 -> 0.19330855 | H62: =H14/H38 -> 0.228 | I62: =I14/I38 -> 0.13513514 | J62: =J14/J38 -> 0.15019763 | K62: =K14/K38 -> 0.23550725 | ... AE62: =AE14/AE38 -> 0.37288136 | AF62: =AVERAGE(U62:AE62) -> 0.22817488 | AG62: =VLOOKUP(A62,$A$77:$E$97,5,0) -> 0.01 | AH62: =AD62+AG62 -> 0.15900662
A63: 700000232 | B63: Sector EXPRESIÓN Nayibe | C63: Poblaciones Cundinamarca_Facatativá/Madrid | D63: =D15/D39 -> 0.25943396 | E63: =E15/E39 -> 0.2173913 | F63: =F15/F39 -> 0.32275132 | G63: =G15/G39 -> 0.26 | H63: =H15/H39 -> 0.2712766 | I63: =I15/I39 -> 0.17777778 | J63: =J15/J39 -> 0.22018349 | K63: =K15/K39 -> 0.25316456 | ... AE63: =AE15/AE39 -> 0.24137931 | AF63: =AVERAGE(U63:AE63) -> 0.24242903 | AG63: =VLOOKUP(A63,$A$77:$E$97,5,0) -> 0.012 | AH63: =AD63+AG63 -> 0.21827803
... A71: 700000456 | B71: Sector ACUARELA Yeimi | C71: Bogotá_Norte-Centro | D71: =D23/D47 -> 0.21702128 | E71: =E23/E47 -> 0.32733813 | F71: =F23/F47 -> 0.34090909 | G71: =G23/G47 -> 0.3495935 | H71: =H23/H47 -> 0.33854167 | I71: =I23/I47 -> 0.22065728 | J71: =J23/J47 -> 0.31896552 | K71: =K23/K47 -> 0.34645669 | ... AE71: =AE23/AE47 -> 0.34246575 | AF71: =AVERAGE(U71:AE71) -> 0.29653406 | AG71: =VLOOKUP(A71,$A$77:$E$97,5,0) -> 0.01 | AH71: =AD71+AG71 -> 0.31194805
D72: =D24/D48 -> 0.20106728 | E72: =E24/E48 -> 0.21590709 | F72: =F24/F48 -> 0.24287485 | G72: =G24/G48 -> 0.23170029 | H72: =H24/H48 -> 0.21420174 | I72: =I24/I48 -> 0.20850202 | J72: =J24/J48 -> 0.24380734 | K72: =K24/K48 -> 0.24434295 | ... AE72: =AE24/AE48 -> 0.30491118 | AF72: =AVERAGE(U72:AE72) -> 0.26407803
AD73: OBJ | AF73: =Activas!P3 -> 0.27628004
AD74: EXIGENCIA | AF74: =AF73-AF72 -> 0.012202009
A77: Cod. Sector | B77: Sector | C77: Promedio | D77: Q | E77: Incremental | F77: ='Historicos Inicios '!AK1 -> %Cump Disp C11 | G77: Meta | H77: Objetivo | J77: Desde | K77: Hasta | L77: Q | M77: Exigencia
A78: 700000021 | B78: Sector COLORES Karen | C78: =_xlfn.XLOOKUP(A78,$A$52:$A$71,$AF$52:$AF$71) -> 0.35230925 | D78: =VLOOKUP(F78,$J$77:$L$81,3,TRUE) -> Q3 | E78: =VLOOKUP(F78,$J$78:$M$81,4,1) -> 0.01 | F78: =_xlfn.XLOOKUP(A78,'Historicos Inicios '!$AI$2:$AI$21,'Historicos Inicios '!$AK$2:$AK$21) -> 1.0023878 | G78: =ROUND(_xlfn.XLOOKUP(A78,Activas!B:B,Activas!O:O)*('Histórico Recuperos'!C78+'Histórico Recuperos'!E78),0) -> 120 | H78: =E78+C78 -> 0.36230925 | J78: 0 | K78: 0.9499 | L78: Q1 | M78: 0.014
A79: 700000455 | B79: Sector ESPLENDOR Carolina | C79: =_xlfn.XLOOKUP(A79,$A$52:$A$71,$AF$52:$AF$71) -> 0.22025557 | D79: =VLOOKUP(F79,$J$77:$L$81,3,TRUE) -> Q3 | E79: =VLOOKUP(F79,$J$78:$M$81,4,1) -> 0.01 | F79: =_xlfn.XLOOKUP(A79,'Historicos Inicios '!$AI$2:$AI$21,'Historicos Inicios '!$AK$2:$AK$21) -> 1.0455965 | G79: =ROUND(_xlfn.XLOOKUP(A79,Activas!B:B,Activas!O:O)*('Histórico Recuperos'!C79+'Histórico Recuperos'!E79),0) -> 61 | H79: =E79+C79 -> 0.23025557 | J79: 0.95 | K79: 0.9999 | L79: Q2 | M79: 0.012
A80: 700000457 | B80: Sector PINCEL Iliana | C80: =_xlfn.XLOOKUP(A80,$A$52:$A$71,$AF$52:$AF$71) -> 0.30380113 | D80: =VLOOKUP(F80,$J$77:$L$81,3,TRUE) -> Q2 | E80: =VLOOKUP(F80,$J$78:$M$81,4,1) -> 0.012 | F80: =_xlfn.XLOOKUP(A80,'Historicos Inicios '!$AI$2:$AI$21,'Historicos Inicios '!$AK$2:$AK$21) -> 0.9645464 | G80: =ROUND(_xlfn.XLOOKUP(A80,Activas!B:B,Activas!O:O)*('Histórico Recuperos'!C80+'Histórico Recuperos'!E80),0) -> 76 | H80: =E80+C80 -> 0.31580113 | J80: 1 | K80: 1.0499 | L80: Q3 | M80: 0.01
A81: 700000281 | B81: Sector PICASSO Regina | C81: =_xlfn.XLOOKUP(A81,$A$52:$A$71,$AF$52:$AF$71) -> 0.23006875 | D81: =VLOOKUP(F81,$J$77:$L$81,3,TRUE) -> Q3 | E81: =VLOOKUP(F81,$J$78:$M$81,4,1) -> 0.01 | F81: =_xlfn.XLOOKUP(A81,'Historicos Inicios '!$AI$2:$AI$21,'Historicos Inicios '!$AK$2:$AK$21) -> 1.0400572 | G81: =ROUND(_xlfn.XLOOKUP(A81,Activas!B:B,Activas!O:O)*('Histórico Recuperos'!C81+'Histórico Recuperos'!E81),0) -> 49 | H81: =E81+C81 -> 0.24006875 | J81: 1.05 | K81: 1.075 | L81: Q4 | M81: 0.008
A82: 700000254 | B82: Sector CREATIVIDAD Yomaira | C82: =_xlfn.XLOOKUP(A82,$A$52:$A$71,$AF$52:$AF$71) -> 0.180825 | D82: =VLOOKUP(F82,$J$77:$L$81,3,TRUE) -> Q1 | E82: =VLOOKUP(F82,$J$78:$M$81,4,1) -> 0.014 | F82: =_xlfn.XLOOKUP(A82,'Historicos Inicios '!$AI$2:$AI$21,'Historicos Inicios '!$AK$2:$AK$21) -> 0.89867498 | G82: =ROUND(_xlfn.XLOOKUP(A82,Activas!B:B,Activas!O:O)*('Histórico Recuperos'!C82+'Histórico Recuperos'!E82),0) -> 36 | H82: =E82+C82 -> 0.194825
A83: 700000098 | B83: Sector MOSAICO Julieth | C83: =_xlfn.XLOOKUP(A83,$A$52:$A$71,$AF$52:$AF$71) -> 0.28582553 | D83: =VLOOKUP(F83,$J$77:$L$81,3,TRUE) -> Q3 | E83: =VLOOKUP(F83,$J$78:$M$81,4,1) -> 0.01 | F83: =_xlfn.XLOOKUP(A83,'Historicos Inicios '!$AI$2:$AI$21,'Historicos Inicios '!$AK$2:$AK$21) -> 1.0475352 | G83: =ROUND(_xlfn.XLOOKUP(A83,Activas!B:B,Activas!O:O)*('Histórico Recuperos'!C83+'Histórico Recuperos'!E83),0) -> 39 | H83: =E83+C83 -> 0.29582553
A84: 700000133 | B84: Sector INSPIRACIÓN Vanesa | C84: =_xlfn.XLOOKUP(A84,$A$52:$A$71,$AF$52:$AF$71) -> 0.26624902 | D84: =VLOOKUP(F84,$J$77:$L$81,3,TRUE) -> Q3 | E84: =VLOOKUP(F84,$J$78:$M$81,4,1) -> 0.01 | F84: =_xlfn.XLOOKUP(A84,'Historicos Inicios '!$AI$2:$AI$21,'Historicos Inicios '!$AK$2:$AK$21) -> 1.009311 | G84: =ROUND(_xlfn.XLOOKUP(A84,Activas!B:B,Activas!O:O)*('Histórico Recuperos'!C84+'Histórico Recuperos'!E84),0) -> 29 | H84: =E84+C84 -> 0.27624902
A85: 700000428 | B85: Sector GALERÍA Yurieth | C85: =_xlfn.XLOOKUP(A85,$A$52:$A$71,$AF$52:$AF$71) -> 0.18573939 | D85: =VLOOKUP(F85,$J$77:$L$81,3,TRUE) -> Q4 | E85: =VLOOKUP(F85,$J$78:$M$81,4,1) -> 0.008 | F85: =_xlfn.XLOOKUP(A85,'Historicos Inicios '!$AI$2:$AI$21,'Historicos Inicios '!$AK$2:$AK$21) -> 1.0651899 | G85: =ROUND(_xlfn.XLOOKUP(A85,Activas!B:B,Activas!O:O)*('Histórico Recuperos'!C85+'Histórico Recuperos'!E85),0) -> 59 | H85: =E85+C85 -> 0.19373939
A86: 700000278 | B86: Sector CREACIÓN Perla | C86: =_xlfn.XLOOKUP(A86,$A$52:$A$71,$AF$52:$AF$71) -> 0.24150873 | D86: =VLOOKUP(F86,$J$77:$L$81,3,TRUE) -> Q2 | E86: =VLOOKUP(F86,$J$78:$M$81,4,1) -> 0.012 | F86: =_xlfn.XLOOKUP(A86,'Historicos Inicios '!$AI$2:$AI$21,'Historicos Inicios '!$AK$2:$AK$21) -> 0.99841647 | G86: =ROUND(_xlfn.XLOOKUP(A86,Activas!B:B,Activas!O:O)*('Histórico Recuperos'!C86+'Histórico Recuperos'!E86),0) -> 55 | H86: =E86+C86 -> 0.25350873
A87: 700000178 | B87: Sector DESTELLO Karina | C87: =_xlfn.XLOOKUP(A87,$A$52:$A$71,$AF$52:$AF$71) -> 0.19454833 | D87: =VLOOKUP(F87,$J$77:$L$81,3,TRUE) -> Q2 | E87: =VLOOKUP(F87,$J$78:$M$81,4,1) -> 0.012 | F87: =_xlfn.XLOOKUP(A87,'Historicos Inicios '!$AI$2:$AI$21,'Historicos Inicios '!$AK$2:$AK$21) -> 0.98698995 | G87: =ROUND(_xlfn.XLOOKUP(A87,Activas!B:B,Activas!O:O)*('Histórico Recuperos'!C87+'Histórico Recuperos'!E87),0) -> 63 | H87: =E87+C87 -> 0.20654833
A88: 700000423 | B88: Sector ARMONÍA Claudia | C88: =_xlfn.XLOOKUP(A88,$A$52:$A$71,$AF$52:$AF$71) -> 0.22817488 | D88: =VLOOKUP(F88,$J$77:$L$81,3,TRUE) -> Q3 | E88: =VLOOKUP(F88,$J$78:$M$81,4,1) -> 0.01 | F88: =_xlfn.XLOOKUP(A88,'Historicos Inicios '!$AI$2:$AI$21,'Historicos Inicios '!$AK$2:$AK$21) -> 1.0397797 | G88: =ROUND(_xlfn.XLOOKUP(A88,Activas!B:B,Activas!O:O)*('Histórico Recuperos'!C88+'Histórico Recuperos'!E88),0) -> 70 | H88: =E88+C88 -> 0.23817488
A89: 700000232 | B89: Sector EXPRESIÓN Nayibe | C89: =_xlfn.XLOOKUP(A89,$A$52:$A$71,$AF$52:$AF$71) -> 0.24242903 | D89: =VLOOKUP(F89,$J$77:$L$81,3,TRUE) -> Q2 | E89: =VLOOKUP(F89,$J$78:$M$81,4,1) -> 0.012 | F89: =_xlfn.XLOOKUP(A89,'Historicos Inicios '!$AI$2:$AI$21,'Historicos Inicios '!$AK$2:$AK$21) -> 0.9691358 | G89: =ROUND(_xlfn.XLOOKUP(A89,Activas!B:B,Activas!O:O)*('Histórico Recuperos'!C89+'Histórico Recuperos'!E89),0) -> 52 | H89: =E89+C89 -> 0.25442903
A90: 700000459 | B90: Sector MATICES Clery | C90: =_xlfn.XLOOKUP(A90,$A$52:$A$71,$AF$52:$AF$71) -> 0.24314086 | D90: =VLOOKUP(F90,$J$77:$L$81,3,TRUE) -> Q4 | E90: =VLOOKUP(F90,$J$78:$M$81,4,1) -> 0.008 | F90: =_xlfn.XLOOKUP(A90,'Historicos Inicios '!$AI$2:$AI$21,'Historicos Inicios '!$AK$2:$AK$21) -> 1.1261426 | G90: =ROUND(_xlfn.XLOOKUP(A90,Activas!B:B,Activas!O:O)*('Histórico Recuperos'!C90+'Histórico Recuperos'!E90),0) -> 47 | H90: =E90+C90 -> 0.25114086
A91: 700000245 | B91: Sector ARTESANÍA Fernanda | C91: =_xlfn.XLOOKUP(A91,$A$52:$A$71,$AF$52:$AF$71) -> 0.32082415 | D91: =VLOOKUP(F91,$J$77:$L$81,3,TRUE) -> Q2 | E91: =VLOOKUP(F91,$J$78:$M$81,4,1) -> 0.012 | F91: =_xlfn.XLOOKUP(A91,'Historicos Inicios '!$AI$2:$AI$21,'Historicos Inicios '!$AK$2:$AK$21) -> 0.95555556 | G91: =ROUND(_xlfn.XLOOKUP(A91,Activas!B:B,Activas!O:O)*('Histórico Recuperos'!C91+'Histórico Recuperos'!E91),0) -> 75 | H91: =E91+C91 -> 0.33282415
A92: 700000466 | B92: Sector EMOCIONES Dolly | C92: =_xlfn.XLOOKUP(A92,$A$52:$A$71,$AF$52:$AF$71) -> 0.33079146 | D92: =VLOOKUP(F92,$J$77:$L$81,3,TRUE) -> Q3 | E92: =VLOOKUP(F92,$J$78:$M$81,4,1) -> 0.01 | F92: =_xlfn.XLOOKUP(A92,'Historicos Inicios '!$AI$2:$AI$21,'Historicos Inicios '!$AK$2:$AK$21) -> 1.0123796 | G92: =ROUND(_xlfn.XLOOKUP(A92,Activas!B:B,Activas!O:O)*('Histórico Recuperos'!C92+'Histórico Recuperos'!E92),0) -> 62 | H92: =E92+C92 -> 0.34079146
A93: 700000458 | B93: Sector LIENZO Ángela | C93: =_xlfn.XLOOKUP(A93,$A$52:$A$71,$AF$52:$AF$71) -> 0.26638376 | D93: =VLOOKUP(F93,$J$77:$L$81,3,TRUE) -> Q3 | E93: =VLOOKUP(F93,$J$78:$M$81,4,1) -> 0.01 | F93: =_xlfn.XLOOKUP(A93,'Historicos Inicios '!$AI$2:$AI$21,'Historicos Inicios '!$AK$2:$AK$21) -> 1.0176803 | G93: =ROUND(_xlfn.XLOOKUP(A93,Activas!B:B,Activas!O:O)*('Histórico Recuperos'!C93+'Histórico Recuperos'!E93),0) -> 55 | H93: =E93+C93 -> 0.27638376
... A97: 700000456 | B97: Sector ACUARELA Yeimi | C97: =_xlfn.XLOOKUP(A97,$A$52:$A$71,$AF$52:$AF$71) -> 0.29653406 | D97: =VLOOKUP(F97,$J$77:$L$81,3,TRUE) -> Q3 | E97: =VLOOKUP(F97,$J$78:$M$81,4,1) -> 0.01 | F97: =_xlfn.XLOOKUP(A97,'Historicos Inicios '!$AI$2:$AI$21,'Historicos Inicios '!$AK$2:$AK$21) -> 1.0253782 | G97: =ROUND(_xlfn.XLOOKUP(A97,Activas!B:B,Activas!O:O)*('Histórico Recuperos'!C97+'Histórico Recuperos'!E97),0) -> 90 | H97: =E97+C97 -> 0.30653406
G98: =SUM(G78:G97) -> 1323
G99: =Activas!P2 -> 1322
G100: =G99-G98 -> -1

Sheet Resumen
A1: Origen | B1: Ciudad | C1: COD Sector | D1: Sector | E1: GNs | F1: Inicios | G1: GV | H1: Disponibles Obj | I1: Saldo Disponibles | J1: Activas | K1: Inactivas 1 | L1: Inactivas 2 | M1: Inactivas 3 | N1: Inactivas 4 | O1: Inactivas 5 | P1: Inactivas 6 | Q1: Indisponibles | R1: Pedidos | S1: Recuperos | T1: Activas Frecuentes | U1: $CB promedio | V1: $CB Teórica | W1: Facturación Teórica | X1: % | Y1: Facturación Obj | Z1: $ CNs Obj | AA1: Actividad Obj | AB1: Actividad Frecuente Obj | AC1: Disponibles Proyectadas | AD1: EXIGENCIA $CB
A2: Natura | B2: Bogotá_Norte-Centro | C2: 700000021 | D2: Sector COLORES Karen | E2: Karen Esperanza Contreras Patiño | F2: 54 | G2: ARTE | H2: 2107 | I2: 13 | J2: 1279 | K2: 403 | L2: 282 | M2: 159 | N2: 84 | O2: 72 | P2: 54 | Q2: 210 | R2: 1548 | S2: 120 | T2: 1105 | U2: 406670.8 | V2: 374691.89 | W2: 4.7923092e+08 | X2: 0.060992713 | Y2: 5.9161939e+08 | Z2: 462564.02 | AA2: 0.60587399 | AB2: 0.5234486 | AC2: 2111 | AD2: 0.13744097
A3: Avon | B3: Bogotá_Norte-Centro | C3: 700000455 | D3: Sector ESPLENDOR Carolina | E3: Carolina Tangarife Tamayo | F3: 65 | G3: ARTE | H3: 1614 | I3: 13 | J3: 1022 | K3: 337 | L3: 215 | M3: 131 | N3: 68 | O3: 75 | P3: 63 | Q3: 206 | R3: 1237 | S3: 61 | T3: 896 | U3: 389823.32 | V3: 358213.48 | W3: 3.6609418e+08 | X3: 0.046593565 | Y3: 4.4254281e+08 | Z3: 433016.44 | AA3: 0.60580913 | AB3: 0.53112033 | AC3: 1687 | AD3: 0.11080179
A4: Avon | B4: Bogotá_Norte-Centro | C4: 700000457 | D4: Sector PINCEL Iliana | E4: Iliana Alexandra Riaño Enciso | F4: 49 | G4: ARTE | H4: 1930 | I4: 12 | J4: 1137 | K4: 358 | L4: 230 | M4: 130 | N4: 74 | O4: 47 | P4: 44 | Q4: 165 | R4: 1376 | S4: 76 | T4: 1012 | U4: 426673.58 | V4: 390625.71 | W4: 4.4414143e+08 | X4: 0.056526801 | Y4: 5.4095834e+08 | Z4: 475776.9 | AA4: 0.61063373 | AB4: 0.54350161 | AC4: 1862 | AD4: 0.11508403
A5: Natura | B5: Bogotá_Norte-Centro | C5: 700000022 | D5: Sector BRILLO Kelly | E5: Kelly Lorena Mesa | F5: 45 | G5: ARTE | H5: 1880 | I5: 13 | J5: 1107 | K5: 335 | L5: 243 | M5: 149 | N5: 60 | O5: 46 | P5: 44 | Q5: 150 | R5: 1340 | S5: 109 | T5: 953 | U5: 429674.72 | V5: 393373.41 | W5: 4.3546436e+08 | X5: 0.055422452 | Y5: 5.3405943e+08 | Z5: 482438.51 | AA5: 0.61059018 | AB5: 0.5256481 | AC5: 1813 | AD5: 0.1227994
A6: Natura | B6: Bogotá_Norte-Centro | C6: 700000023 | D6: Sector POESIA Yulieth | E6: Yenny Yulieth Campo Murillo | F6: 65 | G6: ARTE | H6: 2089 | I6: 12 | J6: 1216 | K6: 360 | L6: 279 | M6: 152 | N6: 78 | O6: 89 | P6: 73 | Q6: 240 | R6: 1472 | S6: 85 | T6: 1066 | U6: 459256.28 | V6: 428256 | W6: 5.207593e+08 | X6: 0.066278115 | Y6: 6.6593918e+08 | Z6: 547647.35 | AA6: 0.61259446 | AB6: 0.53702771 | AC6: 1985 | AD6: 0.19246568
A7: Avon | B7: Bogotá_Norte-Centro | C7: 700000454 | D7: Sector ABÁNICO Judy | E7: Judy Daza | F7: 72 | G7: ARTE | H7: 1913 | I7: 12 | J7: 1137 | K7: 357 | L7: 272 | M7: 137 | N7: 69 | O7: 94 | P7: 72 | Q7: 235 | R7: 1376 | S7: 91 | T7: 974 | U7: 394445.03 | V7: 372223.81 | W7: 4.2321847e+08 | X7: 0.053863892 | Y7: 4.6958403e+08 | Z7: 413002.67 | AA7: 0.61063373 | AB7: 0.52309345 | AC7: 1862 | AD7: 0.047047454
A8: Avon | B8: Bogotá_Norte-Centro | C8: 700000456 | D8: Sector ACUARELA Yeimi | E8: Yeimi Patricia Rodriguez | F8: 69 | G8: ARTE | H8: 2061 | I8: 12 | J8: 1301 | K8: 403 | L8: 266 | M8: 153 | N8: 85 | O8: 62 | P8: 55 | Q8: 202 | R8: 1575 | S8: 90 | T8: 1142 | U8: 407950.21 | V8: 382685.12 | W8: 4.9787334e+08 | X8: 0.063365372 | Y8: 5.6961326e+08 | Z8: 437827.26 | AA8: 0.61571226 | AB8: 0.5404638 | AC8: 2113 | AD8: 0.073237007
A9: Avon | B9: Poblaciones córdoba_Lórica | C9: 700000281 | D9: Sector PICASSO Regina | E9: Regina Isabel Peñate Argumedo | F9: 61 | G9: ARTE | H9: 1410 | I9: 12 | J9: 935 | K9: 302 | L9: 154 | M9: 94 | N9: 55 | O9: 61 | P9: 40 | Q9: 156 | R9: 1132 | S9: 49 | T9: 825 | U9: 416724.9 | V9: 392960.1 | W9: 3.6741769e+08 | X9: 0.046762011 | Y9: 4.4448684e+08 | Z9: 475386.99 | AA9: 0.6377899 | AB9: 0.5627558 | AC9: 1466 | AD9: 0.14076935
A10: Avon | B10: Poblaciones córdoba_Tierralta | C10: 700000254 | D10: Sector CREATIVIDAD Yomaira | E10: Yomaira Estela Doria Ramos | F10: 49 | G10: ARTE | H10: 1226 | I10: 12 | J10: 749 | K10: 229 | L10: 105 | M10: 79 | N10: 56 | O10: 45 | P10: 48 | Q10: 149 | R10: 907 | S10: 36 | T10: 664 | U10: 412784.04 | V10: 419836.03 | W10: 3.1445719e+08 | X10: 0.040021618 | Y10: 3.6481986e+08 | Z10: 487075.91 | AA10: 0.64291845 | AB10: 0.56995708 | AC10: 1165 | AD10: 0.17997757
A11: Natura | B11: Montería | C11: 700000098 | D11: Sector MOSAICO Julieth | E11: Judith Julieth Castrillon Perez | F11: 46 | G11: ARTE | H11: 1148 | I11: 12 | J11: 769 | K11: 237 | L11: 139 | M11: 65 | N11: 41 | O11: 22 | P11: 30 | Q11: 93 | R11: 931 | S11: 39 | T11: 684 | U11: 481709.84 | V11: 417825.36 | W11: 3.213077e+08 | X11: 0.040893497 | Y11: 3.7975039e+08 | Z11: 493823.65 | AA11: 0.63976705 | AB11: 0.56905158 | AC11: 1202 | AD11: 0.025147524
A12: Natura | B12: Montería | C12: 700000133 | D12: Sector INSPIRACIÓN Vanesa | E12: Katherine Vanesa Gomez Coronado | F12: 35 | G12: ARTE | H12: 1086 | I12: 12 | J12: 705 | K12: 208 | L12: 113 | M12: 67 | N12: 37 | O12: 22 | P12: 16 | Q12: 75 | R12: 854 | S12: 29 | T12: 641 | U12: 467208.74 | V12: 456042.29 | W12: 3.2150982e+08 | X12: 0.040919221 | Y12: 3.7159617e+08 | Z12: 527086.76 | AA12: 0.64324818 | AB12: 0.58485401 | AC12: 1096 | AD12: 0.12816118
A13: Avon | B13: Montería | C13: 700000428 | D13: Sector GALERÍA Yurieth | E13: Yurieth Álvarez | F13: 80 | G13: ARTE | H13: 1615 | I13: 12 | J13: 1081 | K13: 348 | L13: 181 | M13: 102 | N13: 83 | O13: 92 | P13: 70 | Q13: 245 | R13: 1309 | S13: 59 | T13: 942 | U13: 350230.28 | V13: 334324.76 | W13: 3.6140507e+08 | X13: 0.045996772 | Y13: 4.2628274e+08 | Z13: 394341.11 | AA13: 0.63775811 | AB13: 0.55575221 | AC13: 1695 | AD13: 0.12594808
... A21: Avon | B21: Poblaciones Cundinamarca_Chía | C21: 700000458 | D21: Sector LIENZO Ángela | E21: Ángela Rios | F21: 48 | G21: ARTE | H21: 1427 | I21: 13 | J21: 903 | K21: 292 | L21: 182 | M21: 87 | N21: 51 | O21: 56 | P21: 36 | Q21: 143 | R21: 1093 | S21: 55 | T21: 800 | U21: 391166.9 | V21: 374592.4 | W21: 3.3825693e+08 | X21: 0.043050661 | Y21: 3.8966735e+08 | Z21: 431525.31 | AA21: 0.62190083 | AB21: 0.55096419 | AC21: 1452 | AD21: 0.10317438
B22: ARTE | C22: 700000003 | F22: 1155 | H22: 31728 | I22: 250 | J22: 19775 | K22: 6152 | L22: 3886 | M22: 2198 | N22: 1270 | O22: 1190 | P22: 1002 | Q22: 3462 | R22: 23938 | S22: 1323 | T22: 17297 | U22: 415453.65 | V22: 466353.29 | W22: 7.8571833e+09 | X22: 1 | Y22: 9.2221363e+09 | Z22: 466353.29 | AA22: 0.6231094 | AB22: 0.54502773 | AC22: 31736 | AD22: 0.1225158

Sheet Desafíos LNN
H1: Objetivo Sector | M1: Desafio Facturación | P1: Desafío Activas | AL1: APP FV
A2: Cod Sector | B2: Sector | C2: Cód. Grupo | D2: Cód. Líder | E2: Nombre Líder | F2: Nivel | G2: Ciclo Inicio | H2: Objetivo Activas | I2: Objetivo Facturación | J2: Disponibles esperadas 202611 | K2: Disponibles reales 202611 | L2: Cumplimiento esperadas 202611 | M2: Disponibles esperadas 202612 | N2: Productividad esperada | O2: Desafío Facturación | P2: Disponibles Proyectadas | Q2: Peso activas teoricas Ln en sector | R2: Desafío de Activas | S2: Actividad proyectada | T2: Transferencia de disponibles | U2: Saldo C3 | V2: Saldo C4 | W2: Saldo C5 | X2: Saldo C6 | Y2: Saldo C7 | Z2: Saldo C8 | AA2: Saldo C9 | AB2: Saldo C10 | AC2: Saldo C11 | AD2: FACTOR PRODUCTIVIDAD DESAFÍOS | AE2: Actividad desaf | AF2: $CN | AG2: DIF CN | AH2: VAR $CN LNs | AI2: $CN prom SECTOR | AJ2: $CN obj SECTOR | AK2: Exigencia Sector | AL2: Inicios + reinicios | AM2: Inactiva 1 | AN2: Inactiva 2 | AO2: Inactiva 3 | AP2: Inactiva 4 | AQ2: Inactiva 5 | AR2: Inactiva 6 | AS2: Saldo | AT2: Cadastro | AU2: Actividad | AV2: Recuperos | AW2: Activas frecuentes
A3: 700000021 | B3: SECTOR COLORES KAREN | C3: 3249 | D3: - | E3: 3249 - Fuera de grupo | F3: - | G3: - | H3: 1279 | I3: 5.9161939e+08 | M3: 62 | N3: 484530.9 | O3: 19381236 | P3: 62 | Q3: 0.031075697 | R3: 40 | S3: 0.64516129 | T3: -1 | W3: 0 | X3: -2 | AD3: 1.0474894 | AE3: 0.64516129 | AF3: 406670.8 | AG3: 77860.098 | AH3: 0.19145731 | AI3: 406670.8 | AJ3: 462564.02 | AK3: 0.13744097 | AL3: 4 | AM3: 22 | AN3: 9 | AO3: 0 | AP3: 0 | AQ3: 0 | AR3: 0 | AS3: 6 | AT3: 71 | AU3: 64.516129 | AV3: 5 | AW3: 31
A4: 700000021 | B4: SECTOR COLORES KAREN | C4: 4796 | D4: 276872 | E4: 4796 - RUTH DARLY ALVAREZ BERMUDEZ | F4: LNO | G4: 201915 | H4: 1279 | I4: 5.9161939e+08 | J4: 322 | K4: 309 | L4: 0.95962733 | M4: 337 | N4: 457211.34 | O4: 87784577 | P4: 311 | Q4: 0.1498008 | R4: 192 | S4: 0.61736334 | T4: 0 | U4: 8 | V4: -12 | W4: 8 | X4: 4 | Y4: 5 | Z4: 4 | AA4: 3 | AB4: 2 | AC4: 4 | AD4: 0.98842823 | AE4: 0.61736334 | AF4: 388492.98 | AG4: 68718.359 | AH4: 0.17688443 | AI4: 406670.8 | AJ4: 462564.02 | AK4: 0.13744097 | AL4: 10 | AM4: 100 | AN4: 57 | AO4: 16 | AP4: 10 | AQ4: 4 | AR4: 5 | AS4: 2 | AT4: 384 | AU4: 61.736334 | AV4: 9 | AW4: 173
A5: 700000021 | B5: SECTOR COLORES KAREN | C5: 5292 | D5: 532314 | E5: 5292 - YURY ROCIO ROMERO JIMENEZ | F5: LNO | G5: 202112 | H5: 1279 | I5: 5.9161939e+08 | J5: 250 | K5: 247 | L5: 0.988 | M5: 276 | N5: 447890.03 | O5: 68527175 | P5: 248 | Q5: 0.11952191 | R5: 153 | S5: 0.61693548 | T5: -1 | U5: 15 | V5: -8 | W5: 10 | X5: 6 | Y5: 5 | Z5: 5 | AA5: 6 | AB5: 8 | AC5: 1 | AD5: 0.96827685 | AE5: 0.61693548 | AF5: 390236.95 | AG5: 57653.084 | AH5: 0.14773866 | AI5: 406670.8 | AJ5: 462564.02 | AK5: 0.13744097 | AL5: 5 | AM5: 77 | AN5: 44 | AO5: 17 | AP5: 7 | AQ5: 8 | AR5: 11 | AS5: 2 | AT5: 317 | AU5: 61.693548 | AV5: 10 | AW5: 138
A6: 700000021 | B6: SECTOR COLORES KAREN | C6: 5672 | D6: 275838 | E6: 5672 - ANGIE KATHERINE ROMERO CUCAITA | F6: LNO | G6: 202217 | H6: 1279 | I6: 5.9161939e+08 | J6: 246 | K6: 184 | L6: 0.74796748 | M6: 222 | N6: 465734.08 | O6: 51230748 | P6: 185 | Q6: 0.086055777 | R6: 110 | S6: 0.59459459 | T6: -1 | U6: 3 | V6: 1 | W6: 0 | X6: -6 | Y6: 4 | Z6: 1 | AA6: -4 | AB6: 1 | AC6: -4 | AD6: 1.0068532 | AE6: 0.59459459 | AF6: 411002.6 | AG6: 54731.48 | AH6: 0.13316578 | AI6: 406670.8 | AJ6: 462564.02 | AK6: 0.13744097 | AL6: 4 | AM6: 45 | AN6: 29 | AO6: 23 | AP6: 6 | AQ6: 8 | AR6: 11 | AS6: 2 | AT6: 232 | AU6: 59.459459 | AV6: 9 | AW6: 97
A7: 700000021 | B7: SECTOR COLORES KAREN | C7: 8832 | D7: 490031 | E7: 8832 - YULIETH SOCARRAS BARROS | F7: LNO | G7: 202404 | H7: 1279 | I7: 5.9161939e+08 | J7: 299 | K7: 219 | L7: 0.73244147 | M7: 267 | N7: 480038.27 | O7: 62404975 | P7: 218 | Q7: 0.10199203 | R7: 130 | S7: 0.59633028 | T7: -3 | U7: 2 | V7: -7 | W7: -7 | X7: -2 | Y7: 3 | Z7: 2 | AA7: 3 | AB7: -5 | AC7: -8 | AD7: 1.0377769 | AE7: 0.59633028 | AF7: 434809.39 | AG7: 45228.877 | AH7: 0.10402001 | AI7: 406670.8 | AJ7: 462564.02 | AK7: 0.13744097 | AL7: 4 | AM7: 64 | AN7: 32 | AO7: 17 | AP7: 7 | AQ7: 8 | AR7: 11 | AS7: 2 | AT7: 269 | AU7: 59.633028 | AV7: 12 | AW7: 113
A8: 700000021 | B8: SECTOR COLORES KAREN | C8: 9039 | D8: 511097 | E8: 9039 - JORGE IVAN JIMENEZ ALMANZA | F8: LNO | G8: 202413 | H8: 1279 | I8: 5.9161939e+08 | J8: 229 | K8: 184 | L8: 0.80349345 | M8: 214 | N8: 496295.47 | O8: 55088797 | P8: 186 | Q8: 0.08685259 | R8: 111 | S8: 0.59677419 | T8: 0 | U8: -1 | V8: -2 | W8: -1 | X8: 3 | Y8: -1 | Z8: -4 | AA8: 0 | AB8: -2 | AC8: 0 | AD8: 1.0729228 | AE8: 0.59677419 | AF8: 449534.85 | AG8: 46760.619 | AH8: 0.10402001 | AI8: 406670.8 | AJ8: 462564.02 | AK8: 0.13744097 | AL8: 4 | AM8: 56 | AN8: 29 | AO8: 15 | AP8: 4 | AQ8: 4 | AR8: 5 | AS8: 2 | AT8: 224 | AU8: 59.677419 | AV8: 7 | AW8: 100
A9: 700000021 | B9: SECTOR COLORES KAREN | C9: 9040 | D9: 1435494 | E9: 9040 - ADRIANA MILENA CRUZ SUNCE | F9: LNO | G9: 202413 | H9: 1279 | I9: 5.9161939e+08 | J9: 229 | K9: 135 | L9: 0.58951965 | M9: 161 | N9: 510187.3 | O9: 41835359 | P9: 137 | Q9: 0.06374502 | R9: 82 | S9: 0.59854015 | T9: 0 | U9: 3 | V9: -10 | W9: -1 | X9: 5 | Y9: -13 | Z9: 4 | AA9: 4 | AB9: 0 | AC9: 3 | AD9: 1.102955 | AE9: 0.59854015 | AF9: 462117.81 | AG9: 48069.498 | AH9: 0.10402001 | AI9: 406670.8 | AJ9: 462564.02 | AK9: 0.13744097 | AL9: 5 | AM9: 42 | AN9: 23 | AO9: 6 | AP9: 5 | AQ9: 3 | AR9: 3 | AS9: 2 | AT9: 164 | AU9: 59.854015 | AV9: 6 | AW9: 71
A10: 700000021 | B10: SECTOR COLORES KAREN | C10: 9177 | D10: 1344968 | E10: 9177 - DAIRY ACOSTA MATUTE | F10: LNO | G10: 202504 | H10: 1279 | I10: 5.9161939e+08 | J10: 218 | K10: 184 | L10: 0.8440367 | M10: 228 | N10: 449089.02 | O10: 49399793 | P10: 184 | Q10: 0.086055777 | R10: 110 | S10: 0.59782609 | T10: -2 | U10: 10 | V10: -5 | W10: 3 | X10: 0 | Y10: -2 | Z10: 2 | AA10: 3 | AB10: -2 | AC10: -1 | AD10: 0.9708689 | AE10: 0.59782609 | AF10: 396313.61 | AG10: 52775.41 | AH10: 0.13316578 | AI10: 406670.8 | AJ10: 462564.02 | AK10: 0.13744097 | AL10: 5 | AM10: 41 | AN10: 32 | AO10: 19 | AP10: 8 | AQ10: 5 | AR10: 7 | AS10: 2 | AT10: 222 | AU10: 59.782609 | AV10: 12 | AW10: 92
A11: 700000021 | B11: SECTOR COLORES KAREN | C11: 9426 | D11: 1538217 | E11: 9426 - NIDIA YANETH SOTO MERCHÁN | F11: LNO | G11: 202514 | H11: 1279 | I11: 5.9161939e+08 | J11: 189 | K11: 145 | L11: 0.76719577 | M11: 173 | N11: 462920.26 | O11: 40736983 | P11: 147 | Q11: 0.068525896 | R11: 88 | S11: 0.59863946 | T11: 0 | U11: 0 | V11: -3 | W11: 5 | X11: 6 | Y11: -6 | Z11: 5 | AA11: -6 | AB11: 0 | AC11: -4 | AD11: 1.0007701 | AE11: 0.59863946 | AF11: 408519.45 | AG11: 54400.81 | AH11: 0.13316578 | AI11: 406670.8 | AJ11: 462564.02 | AK11: 0.13744097 | AL11: 4 | AM11: 44 | AN11: 23 | AO11: 10 | AP11: 4 | AQ11: 6 | AR11: 7 | AS11: 2 | AT11: 182 | AU11: 59.863946 | AV11: 7 | AW11: 77
A12: 700000021 | B12: SECTOR COLORES KAREN | C12: 9549 | D12: 719915 | E12: 9549 - MIRNA SOFÍA BUSTAMANTE GUZMAN | F12: LNO | G12: 202602 | H12: 1279 | I12: 5.9161939e+08 | J12: 204 | K12: 174 | L12: 0.85294118 | M12: 204 | N12: 470737.96 | O12: 49427485 | P12: 175 | Q12: 0.082071713 | R12: 105 | S12: 0.6 | T12: -1 | U12: 9 | V12: 6 | W12: 1 | X12: 2 | Y12: 2 | Z12: -9 | AA12: -1 | AB12: 4 | AC12: -1 | AD12: 1.0176709 | AE12: 0.6 | AF12: 426385.35 | AG12: 44352.608 | AH12: 0.10402001 | AI12: 406670.8 | AJ12: 462564.02 | AK12: 0.13744097 | AL12: 5 | AM12: 52 | AN12: 28 | AO12: 12 | AP12: 6 | AQ12: 4 | AR12: 5 | AS12: 2 | AT12: 212 | AU12: 60 | AV12: 7 | AW12: 92
A13: 700000021 | B13: SECTOR COLORES KAREN | C13: 10183 | D13: 1751355 | E13: 10183 - YEIMY PAOLA CALDERON BOLIVAR | F13: LNO | G13: 202610 | H13: 1279 | I13: 5.9161939e+08 | J13: 123 | K13: 92 | L13: 0.74796748 | M13: 130 | N13: 409152.33 | O13: 22912530 | P13: 94 | Q13: 0.043824701 | R13: 56 | S13: 0.59574468 | T13: 0 | AB13: 4 | AC13: -2 | AD13: 0.88453123 | AE13: 0.59574468 | AF13: 352016.06 | AG13: 57136.27 | AH13: 0.16231154 | AI13: 406670.8 | AJ13: 462564.02 | AK13: 0.13744097 | AL13: 7 | AM13: 13 | AN13: 16 | AO13: 9 | AP13: 9 | AQ13: 6 | AR13: 8 | AS13: 2 | AT13: 117 | AU13: 59.574468 | AV13: 11 | AW13: 38
A14: 700000021 | B14: SECTOR COLORES KAREN | C14: 10184 | D14: 1697626 | E14: 10184 - YULI ANEIDA MANCIPE ANGEL | F14: LNO | G14: 202610 | H14: 1279 | I14: 5.9161939e+08 | J14: 141 | K14: 71 | L14: 0.5035461 | M14: 110 | N14: 384720.13 | O14: 16542965 | P14: 72 | Q14: 0.033466135 | R14: 43 | S14: 0.59722222 | T14: -1 | AB14: 3 | AC14: -6 | AD14: 0.83171216 | AE14: 0.59722222 | AF14: 322898.79 | AG14: 61821.335 | AH14: 0.19145731 | AI14: 406670.8 | AJ14: 462564.02 | AK14: 0.13744097 | AL14: 4 | AM14: 8 | AN14: 13 | AO14: 6 | AP14: 7 | AQ14: 6 | AR14: 8 | AS14: 2 | AT14: 91 | AU14: 59.722222 | AV14: 12 | AW14: 27
A15: 700000021 | B15: SECTOR COLORES KAREN | C15: 10216 | D15: 814696 | E15: 10216 - DANIELA RIAÑO PINZON | F15: LNO | G15: 202611 | H15: 1279 | I15: 5.9161939e+08 | J15: 28 | K15: 92 | L15: 3.2857143 | M15: 122 | N15: 439112.7 | O15: 26346762 | P15: 94 | Q15: 0.047011952 | R15: 60 | S15: 0.63829787 | T15: 0 | AC15: 3 | AD15: 0.94930144 | AE15: 0.63829787 | AF15: 368550.93 | AG15: 70561.77 | AH15: 0.19145731 | AI15: 406670.8 | AJ15: 462564.02 | AK15: 0.13744097 | AL15: 4 | AM15: 27 | AN15: 11 | AO15: 6 | AP15: 7 | AQ15: 8 | AR15: 10 | AS15: 2 | AT15: 129 | AU15: 63.829787 | AV15: 12 | AW15: 44
A16: 700000022 | B16: SECTOR BRILLO KELLY | C16: 3250 | D16: - | E16: 3250 - Fuera de grupo | F16: - | G16: - | H16: 1107 | I16: 5.3405943e+08 | M16: 197 | N16: 272630.17 | O16: 34624031 | P16: 197 | Q16: 0.11428571 | R16: 127 | S16: 0.64467005 | T16: 0 | W16: 0 | X16: 0 | AD16: 0.56510863 | AE16: 0.64467005 | AF16: 216560.28 | AG16: 56069.889 | AH16: 0.25891123 | AI16: 429674.72 | AJ16: 482438.51 | AK16: 0.1227994 | AL16: 4 | AM16: 71 | AN16: 33 | AO16: 1 | AP16: 1 | AQ16: 0 | AR16: 0 | AS16: 2 | AT16: 233 | AU16: 64.467005 | AV16: 18 | AW16: 105
A17: 700000022 | B17: SECTOR BRILLO KELLY | C17: 5747 | D17: 183829 | E17: 5747 - SANDRA VIVIANA CASTIBLANCO PEDRAZA | F17: LNO | G17: 202304 | H17: 1107 | I17: 5.3405943e+08 | J17: 231 | K17: 171 | L17: 0.74025974 | M17: 210 | N17: 483601.54 | O17: 50294560 | P17: 173 | Q17: 0.094009217 | R17: 104 | S17: 0.60115607 | T17: 0 | U17: -11 | V17: 3 | W17: -5 | X17: -2 | Y17: 3 | Z17: 8 | AA17: 4 | AB17: 2 | AC17: -1 | AD17: 1.0024107 | AE17: 0.60115607 | AF17: 419697.61 | AG17: 63903.925 | AH17: 0.15226183 | AI17: 429674.72 | AJ17: 482438.51 | AK17: 0.1227994 | AL17: 4 | AM17: 47 | AN17: 27 | AO17: 14 | AP17: 3 | AQ17: 9 | AR17: 14 | AS17: 2 | AT17: 218 | AU17: 60.115607 | AV17: 12 | AW17: 88
A18: 700000022 | B18: SECTOR BRILLO KELLY | C18: 8834 | D18: 463410 | E18: 8834 - HEIDY YESENIA CASTAÑEDA MAHECHA | F18: LNO | G18: 202404 | H18: 1107 | I18: 5.3405943e+08 | J18: 263 | K18: 235 | L18: 0.89353612 | M18: 274 | N18: 506658.59 | O18: 72452179 | P18: 237 | Q18: 0.12903226 | R18: 143 | S18: 0.60337553 | T18: 0 | U18: 6 | V18: 1 | W18: 8 | X18: 4 | Y18: 1 | Z18: -5 | AA18: 3 | AB18: 3 | AC18: -1 | AD18: 1.0502035 | AE18: 0.60337553 | AF18: 450123.34 | AG18: 56535.254 | AH18: 0.12559947 | AI18: 429674.72 | AJ18: 482438.51 | AK18: 0.1227994 | AL18: 4 | AM18: 64 | AN18: 42 | AO18: 23 | AP18: 6 | AQ18: 4 | AR18: 7 | AS18: 2 | AT18: 289 | AU18: 60.337553 | AV18: 10 | AW18: 129
A19: 700000022 | B19: SECTOR BRILLO KELLY | C19: 8870 | D19: 969442 | E19: 8870 - LUZ ADRIANA DIAZ RAVE | F19: LNO | G19: 202405 | H19: 1107 | I19: 5.3405943e+08 | J19: 242 | K19: 170 | L19: 0.70247934 | M19: 209 | N19: 456846.4 | O19: 47512025 | P19: 172 | Q19: 0.094009217 | R19: 104 | S19: 0.60465116 | T19: 0 | U19: 0 | V19: -5 | W19: 4 | X19: 2 | Y19: 5 | Z19: -9 | AA19: -3 | AB19: 2 | AC19: -8 | AD19: 0.94695259 | AE19: 0.60465116 | AF19: 396477.94 | AG19: 60368.455 | AH19: 0.15226183 | AI19: 429674.72 | AJ19: 482438.51 | AK19: 0.1227994 | AL19: 5 | AM19: 39 | AN19: 39 | AO19: 9 | AP19: 5 | AQ19: 8 | AR19: 12 | AS19: 2 | AT19: 216 | AU19: 60.465116 | AV19: 12 | AW19: 87
A20: 700000022 | B20: SECTOR BRILLO KELLY | C20: 9255 | D20: 224691 | E20: 9255 - NIDIA CONSTANZA SASTOQUE SALCEDO | F20: LNO | G20: 202508 | H20: 1107 | I20: 5.3405943e+08 | J20: 206 | K20: 151 | L20: 0.73300971 | M20: 183 | N20: 464981.49 | O20: 42778297 | P20: 153 | Q20: 0.082949309 | R20: 92 | S20: 0.60130719 | T20: 0 | U20: -4 | V20: 1 | W20: -5 | X20: 3 | Y20: 1 | Z20: -7 | AA20: 3 | AB20: -4 | AC20: -3 | AD20: 0.96381502 | AE20: 0.60130719 | AF20: 403538.05 | AG20: 61443.439 | AH20: 0.15226183 | AI20: 429674.72 | AJ20: 482438.51 | AK20: 0.1227994 | AL20: 4 | AM20: 41 | AN20: 23 | AO20: 15 | AP20: 5 | AQ20: 4 | AR20: 7 | AS20: 2 | AT20: 187 | AU20: 60.130719 | AV20: 9 | AW20: 79
A21: 700000022 | B21: SECTOR BRILLO KELLY | C21: 9340 | D21: 1098352 | E21: 9340 - ANABEL SILVA RODRIGUEZ | F21: LNO | G21: 202511 | H21: 1107 | I21: 5.3405943e+08 | J21: 209 | K21: 169 | L21: 0.80861244 | M21: 198 | N21: 502491.69 | O21: 51756644 | P21: 171 | Q21: 0.093087558 | R21: 103 | S21: 0.60233918 | T21: 0 | U21: 2 | V21: 2 | W21: -2 | X21: -1 | Y21: -4 | Z21: 7 | AA21: -6 | AB21: -7 | AC21: 2 | AD21: 1.0415663 | AE21: 0.60233918 | AF21: 446421.4 | AG21: 56070.292 | AH21: 0.12559947 | AI21: 429674.72 | AJ21: 482438.51 | AK21: 0.1227994 | AL21: 5 | AM21: 49 | AN21: 26 | AO21: 15 | AP21: 6 | AQ21: 3 | AR21: 4 | AS21: 2 | AT21: 206 | AU21: 60.233918 | AV21: 8 | AW21: 90
A22: 700000022 | B22: SECTOR BRILLO KELLY | C22: 9483 | D22: 262067 | E22: 9483 - ANGELA CAROLINA LEON IBAÑEZ | F22: LNO | G22: 202516 | H22: 1107 | I22: 5.3405943e+08 | J22: 185 | K22: 157 | L22: 0.84864865 | M22: 192 | N22: 514747.67 | O22: 49415777 | P22: 159 | Q22: 0.086635945 | R22: 96 | S22: 0.60377358 | T22: 0 | U22: 5 | V22: 2 | W22: -2 | X22: 10 | Y22: -5 | Z22: -1 | AA22: 4 | AB22: -4 | AC22: 2 | AD22: 1.0669705 | AE22: 0.60377358 | AF22: 457309.8 | AG22: 57437.87 | AH22: 0.12559947 | AI22: 429674.72 | AJ22: 482438.51 | AK22: 0.1227994 | AL22: 7 | AM22: 48 | AN22: 22 | AO22: 9 | AP22: 8 | AQ22: 3 | AR22: 5 | AS22: 2 | AT22: 191 | AU22: 60.377358 | AV22: 10 | AW22: 79
A23: 700000022 | B23: SECTOR BRILLO KELLY | C23: 9485 | D23: 1373038 | E23: 9485 - DIANA SOBEIRA URUENA CASTANEDA | F23: LNO | G23: 202516 | H23: 1107 | I23: 5.3405943e+08 | J23: 207 | K23: 189 | L23: 0.91304348 | M23: 217 | N23: 539041.8 | O23: 61989807 | P23: 191 | Q23: 0.10414747 | R23: 115 | S23: 0.60209424 | T23: 0 | U23: 2 | V23: 4 | W23: 5 | X23: 1 | Y23: -4 | Z23: -2 | AA23: 1 | AB23: 9 | AC23: 2 | AD23: 1.1173275 | AE23: 0.60209424 | AF23: 478893.08 | AG23: 60148.719 | AH23: 0.12559947 | AI23: 429674.72 | AJ23: 482438.51 | AK23: 0.1227994 | AL23: 6 | AM23: 59 | AN23: 33 | AO23: 10 | AP23: 6 | AQ23: 2 | AR23: 3 | AS23: 2 | AT23: 228 | AU23: 60.209424 | AV23: 7 | AW23: 102
A24: 700000022 | B24: SECTOR BRILLO KELLY | C24: 9487 | D24: 510723 | E24: 9487 - MARIA CRISTINA NIÑO JIMENEZ | F24: LNO | G24: 202516 | H24: 1107 | I24: 5.3405943e+08 | J24: 205 | K24: 205 | L24: 1 | M24: 225 | N24: 527546.56 | O24: 68053506 | P24: 207 | Q24: 0.11612903 | R24: 129 | S24: 0.62318841 | T24: 0 | U24: 5 | V24: -1 | W24: 2 | X24: 4 | Y24: 4 | Z24: 2 | AA24: 3 | AB24: 1 | AC24: 1 | AD24: 1.0935001 | AE24: 0.62318841 | AF24: 463194.63 | AG24: 64351.93 | AH24: 0.13893065 | AI24: 429674.72 | AJ24: 482438.51 | AK24: 0.1227994 | AL24: 6 | AM24: 61 | AN24: 40 | AO24: 14 | AP24: 6 | AQ24: 2 | AR24: 3 | AS24: 2 | AT24: 255 | AU24: 62.318841 | AV24: 8 | AW24: 115
A25: 700000022 | B25: SECTOR BRILLO KELLY | C25: 9619 | D25: 742241 | E25: 9619 - MARIA DEL PILAR ACUÑA RODRIGUEZ | F25: LNO | G25: 202604 | H25: 1107 | I25: 5.3405943e+08 | J25: 179 | K25: 156 | L25: 0.87150838 | M25: 202 | N25: 580869.56 | O25: 55182609 | P25: 158 | Q25: 0.085714286 | R25: 95 | S25: 0.60126582 | T25: 0 | V25: 10 | W25: 9 | X25: -9 | Y25: 1 | Z25: 3 | AA25: 8 | AB25: 2 | AC25: 3 | AD25: 1.2040282 | AE25: 0.60126582 | AF25: 516053.51 | AG25: 64816.05 | AH25: 0.12559947 | AI25: 429674.72 | AJ25: 482438.51 | AK25: 0.1227994 | AL25: 4 | AM25: 33 | AN25: 30 | AO25: 13 | AP25: 8 | AQ25: 6 | AR25: 10 | AS25: 2 | AT25: 195 | AU25: 60.126582 | AV25: 15 | AW25: 76
A26: 700000023 | B26: SECTOR POESIA YULIETH | C26: 3251 | D26: - | E26: 3251 - Fuera de grupo | F26: - | G26: - | H26: 1216 | I26: 6.6593918e+08 | M26: 14 | N26: 344786.51 | O26: 3103078.6 | P26: 14 | Q26: 0.0076013514 | R26: 9 | S26: 0.64285714 | T26: 0 | W26: 1 | X26: -1 | AD26: 0.62957762 | AE26: 0.64285714 | AF26: 250300 | AG26: 94486.513 | AH26: 0.37749306 | AI26: 459256.28 | AJ26: 547647.35 | AK26: 0.19246568 | AL26: 4 | AM26: 1 | AN26: 2 | AO26: 0 | AP26: 0 | AQ26: 0 | AR26: 0 | AS26: 2 | AT26: 12 | AU26: 64.285714 | AV26: 2 | AW26: 3
A27: 700000023 | B27: SECTOR POESIA YULIETH | C27: 5041 | D27: 553308 | E27: 5041 - DIANA MILENA GOMEZ MORENO | F27: LNO | G27: 202014 | H27: 1216 | I27: 6.6593918e+08 | J27: 304 | K27: 215 | L27: 0.70723684 | M27: 264 | N27: 623752.83 | O27: 82335374 | P27: 217 | Q27: 0.1089527 | R27: 132 | S27: 0.60829493 | T27: 0 | U27: 0 | V27: 2 | W27: 2 | X27: 1 | Y27: 2 | Z27: -7 | AA27: -4 | AB27: -5 | AC27: -7 | AD27: 1.1389681 | AE27: 0.60829493 | AF27: 535211.79 | AG27: 88541.046 | AH27: 0.16543179 | AI27: 459256.28 | AJ27: 547647.35 | AK27: 0.19246568 | AL27: 4 | AM27: 59 | AN27: 42 | AO27: 18 | AP27: 5 | AQ27: 13 | AR27: 15 | AS27: 2 | AT27: 284 | AU27: 60.829493 | AV27: 9 | AW27: 119
A28: 700000023 | B28: SECTOR POESIA YULIETH | C28: 5042 | D28: 233182 | E28: 5042 - EVELIN JANETH PAVA HERNANDEZ | F28: LNO | G28: 202014 | H28: 1216 | I28: 6.6593918e+08 | J28: 370 | K28: 264 | L28: 0.71351351 | M28: 342 | N28: 513631.52 | O28: 83208305 | P28: 266 | Q28: 0.13344595 | R28: 162 | S28: 0.60902256 | T28: 0 | U28: -25 | V28: 2 | W28: -13 | X28: 11 | Y28: 2 | Z28: -1 | AA28: -2 | AB28: 2 | AC28: -10 | AD28: 0.93788734 | AE28: 0.60902256 | AF28: 440722.07 | AG28: 72909.443 | AH28: 0.16543179 | AI28: 459256.28 | AJ28: 547647.35 | AK28: 0.19246568 | AL28: 11 | AM28: 58 | AN28: 54 | AO28: 23 | AP28: 17 | AQ28: 17 | AR28: 19 | AS28: 2 | AT28: 350 | AU28: 60.902256 | AV28: 16 | AW28: 135
A29: 700000023 | B29: SECTOR POESIA YULIETH | C29: 5423 | D29: 200765 | E29: 5423 - NIDIA AURORA VILLALOBOS LOZANO | F29: LNO | G29: 202202 | H29: 1216 | I29: 6.6593918e+08 | J29: 344 | K29: 255 | L29: 0.74127907 | M29: 307 | N29: 522331.12 | O29: 81483654 | P29: 257 | Q29: 0.12837838 | R29: 156 | S29: 0.60700389 | T29: 0 | U29: -6 | V29: 2 | W29: -7 | X29: 0 | Y29: 3 | Z29: -13 | AA29: 6 | AB29: -8 | AC29: -1 | AD29: 0.95377275 | AE29: 0.60700389 | AF29: 448186.78 | AG29: 74144.342 | AH29: 0.16543179 | AI29: 459256.28 | AJ29: 547647.35 | AK29: 0.19246568 | AL29: 4 | AM29: 78 | AN29: 39 | AO29: 25 | AP29: 7 | AQ29: 13 | AR29: 14 | AS29: 2 | AT29: 332 | AU29: 60.700389 | AV29: 10 | AW29: 142
A30: 700000023 | B30: SECTOR POESIA YULIETH | C30: 5578 | D30: 767738 | E30: 5578 - OLGA LUCIA FONSECA RAMIREZ | F30: LNO | G30: 202212 | H30: 1216 | I30: 6.6593918e+08 | J30: 447 | K30: 403 | L30: 0.901566 | M30: 499 | N30: 533811.14 | O30: 1.3131754e+08 | P30: 405 | Q30: 0.2027027 | R30: 246 | S30: 0.60740741 | T30: 1 | U30: 2 | V30: 8 | W30: 8 | X30: 2 | Y30: 2 | Z30: -1 | AA30: 5 | AB30: 2 | AC30: -3 | AD30: 0.97473518 | AE30: 0.60740741 | AF30: 458037.22 | AG30: 75773.919 | AH30: 0.16543179 | AI30: 459256.28 | AJ30: 547647.35 | AK30: 0.19246568 | AL30: 15 | AM30: 116 | AN30: 73 | AO30: 24 | AP30: 21 | AQ30: 17 | AR30: 19 | AS30: 1 | AT30: 516 | AU30: 60.740741 | AV30: 19 | AW30: 213
A31: 700000023 | B31: SECTOR POESIA YULIETH | C31: 9041 | D31: 368589 | E31: 9041 - DEYMI CATHERINE BARRERA CARRANZA | F31: LNO | G31: 202413 | H31: 1216 | I31: 6.6593918e+08 | J31: 231 | K31: 160 | L31: 0.69264069 | M31: 195 | N31: 608500.54 | O31: 60241553 | P31: 162 | Q31: 0.081081081 | R31: 99 | S31: 0.61111111 | T31: 0 | U31: -3 | V31: 1 | W31: 2 | X31: -3 | Y31: 0 | Z31: -9 | AA31: 2 | AB31: -8 | AC31: -5 | AD31: 1.1111175 | AE31: 0.61111111 | AF31: 522124.54 | AG31: 86375.999 | AH31: 0.16543179 | AI31: 459256.28 | AJ31: 547647.35 | AK31: 0.19246568 | AL31: 4 | AM31: 50 | AN31: 24 | AO31: 14 | AP31: 5 | AQ31: 8 | AR31: 9 | AS31: 2 | AT31: 209 | AU31: 61.111111 | AV31: 7 | AW31: 88
A32: 700000023 | B32: SECTOR POESIA YULIETH | C32: 9058 | D32: 460802 | E32: 9058 - JULIETH PAOLA VARGAS | F32: LNO | G32: 202414 | H32: 1216 | I32: 6.6593918e+08 | J32: 432 | K32: 368 | L32: 0.85185185 | M32: 438 | N32: 569789.5 | O32: 1.2820264e+08 | P32: 369 | Q32: 0.18496622 | R32: 225 | S32: 0.6097561 | T32: 0 | U32: 4 | V32: 2 | W32: 6 | X32: 6 | Y32: 2 | Z32: -17 | AA32: 0 | AB32: -22 | AC32: -2 | AD32: 1.0404314 | AE32: 0.6097561 | AF32: 488908.49 | AG32: 80881.009 | AH32: 0.16543179 | AI32: 459256.28 | AJ32: 547647.35 | AK32: 0.19246568 | AL32: 4 | AM32: 115 | AN32: 66 | AO32: 27 | AP32: 10 | AQ32: 10 | AR32: 11 | AS32: 1 | AT32: 464 | AU32: 60.97561 | AV32: 13 | AW32: 208
A33: 700000023 | B33: SECTOR POESIA YULIETH | C33: 9425 | D33: 1635187 | E33: 9425 - MONICA MARIA PULIDO CAMARGO | F33: LNO | G33: 202514 | H33: 1216 | I33: 6.6593918e+08 | J33: 222 | K33: 185 | L33: 0.83333333 | M33: 225 | N33: 500075.95 | O33: 57008659 | P33: 187 | Q33: 0.09375 | R33: 114 | S33: 0.60962567 | T33: 0 | U33: -3 | V33: 8 | W33: -2 | X33: 5 | Y33: -2 | Z33: -6 | AA33: 0 | AB33: 1 | AC33: -2 | AD33: 0.91313498 | AE33: 0.60962567 | AF33: 429090.71 | AG33: 70985.246 | AH33: 0.16543179 | AI33: 459256.28 | AJ33: 547647.35 | AK33: 0.19246568 | AL33: 9 | AM33: 43 | AN33: 40 | AO33: 15 | AP33: 9 | AQ33: 5 | AR33: 6 | AS33: 2 | AT33: 232 | AU33: 60.962567 | AV33: 7 | AW33: 98
A34: 700000023 | B34: SECTOR POESIA YULIETH | C34: 9844 | D34: 425309 | E34: 9844 - FERNANDO ANDRES CHACON VARGAS | F34: LNO | G34: 202605 | H34: 1216 | I34: 6.6593918e+08 | J34: 103 | K34: 110 | L34: 1.0679612 | M34: 113 | N34: 542199.64 | O34: 39038374 | P34: 111 | Q34: 0.059121622 | R34: 72 | S34: 0.64864865 | T34: -1 | W34: 11 | X34: 8 | Y34: 0 | Z34: -1 | AA34: 2 | AB34: 2 | AC34: 4 | AD34: 0.99005252 | AE34: 0.64864865 | AF34: 448898.71 | AG34: 93300.926 | AH34: 0.20784405 | AI34: 459256.28 | AJ34: 547647.35 | AK34: 0.19246568 | AL34: 4 | AM34: 37 | AN34: 23 | AO34: 6 | AP34: 1 | AQ34: 2 | AR34: 2 | AS34: 2 | AT34: 143 | AU34: 64.864865 | AV34: 2 | AW34: 66
A35: 700000098 | B35: SECTOR MOSAICO JULIETH | C35: 97 | D35: 16547 | E35: 97 - ANDREA INES IBAÑEZ GALLEGO | F35: LNO | G35: 201116 | H35: 769 | I35: 3.7975039e+08 | J35: 310 | K35: 275 | L35: 0.88709677 | M35: 325 | N35: 538675.48 | O35: 94268210 | P35: 277 | Q35: 0.22751323 | R35: 175 | S35: 0.63176895 | T35: 0 | U35: -24 | V35: 8 | W35: 6 | X35: 10 | Y35: 8 | Z35: 6 | AA35: -6 | AB35: 3 | AC35: 7 | AD35: 1.0908256 | AE35: 0.63176895 | AF35: 538798.96 | AG35: -123.47928 | AH35: -0.00022917505 | AI35: 481709.84 | AJ35: 493823.65 | AK35: 0.025147524 | AL35: 12 | AM35: 95 | AN35: 48 | AO35: 10 | AP35: 13 | AQ35: 4 | AR35: 5 | AS35: 2 | AT35: 350 | AU35: 63.176895 | AV35: 10 | AW35: 153
A36: 700000098 | B36: SECTOR MOSAICO JULIETH | C36: 3292 | D36: - | E36: 3292 - Fuera de grupo | F36: - | G36: - | H36: 769 | I36: 3.7975039e+08 | M36: 29 | N36: 336280.56 | O36: 6389330.7 | P36: 29 | Q36: 0.025132275 | R36: 19 | S36: 0.65517241 | T36: 0 | W36: 0 | X36: 2 | AD36: 0.68097298 | AE36: 0.65517241 | AF36: 328166.86 | AG36: 8113.7057 | AH36: 0.02472433 | AI36: 481709.84 | AJ36: 493823.65 | AK36: 0.025147524 | AL36: 4 | AM36: 9 | AN36: 5 | AO36: 0 | AP36: 1 | AQ36: 0 | AR36: 0 | AS36: 4 | AT36: 34 | AU36: 65.517241 | AV36: 1 | AW36: 14
A37: 700000098 | B37: SECTOR MOSAICO JULIETH | C37: 3561 | D37: 191068 | E37: 3561 - ELLA MARIELA AVILEZ MERCADO | F37: LNO | G37: 201707 | H37: 769 | I37: 3.7975039e+08 | J37: 308 | K37: 254 | L37: 0.82467532 | M37: 298 | N37: 508897.48 | O37: 82441392 | P37: 256 | Q37: 0.21031746 | R37: 162 | S37: 0.6328125 | T37: 0 | U37: 0 | V37: -6 | W37: 10 | X37: 4 | Y37: 2 | Z37: -9 | AA37: -4 | AB37: 3 | AC37: 3 | AD37: 1.0305247 | AE37: 0.6328125 | AF37: 509014.14 | AG37: -116.65334 | AH37: -0.00022917505 | AI37: 481709.84 | AJ37: 493823.65 | AK37: 0.025147524 | AL37: 4 | AM37: 91 | AN37: 46 | AO37: 13 | AP37: 6 | AQ37: 6 | AR37: 6 | AS37: 2 | AT37: 330 | AU37: 63.28125 | AV37: 9 | AW37: 150
A38: 700000098 | B38: SECTOR MOSAICO JULIETH | C38: 3887 | D38: 367886 | E38: 3887 - SANDRA MILENA ZUÑIGA SAENZ | F38: LNO | G38: 201713 | H38: 769 | I38: 3.7975039e+08 | J38: 303 | K38: 278 | L38: 0.91749175 | M38: 323 | N38: 491266.99 | O38: 86954257 | P38: 280 | Q38: 0.23015873 | R38: 177 | S38: 0.63214286 | T38: 0 | U38: -7 | V38: 2 | W38: 5 | X38: 8 | Y38: 2 | Z38: 6 | AA38: 0 | AB38: 1 | AC38: 5 | AD38: 0.99482272 | AE38: 0.63214286 | AF38: 491379.6 | AG38: -112.61194 | AH38: -0.00022917505 | AI38: 481709.84 | AJ38: 493823.65 | AK38: 0.025147524 | AL38: 8 | AM38: 93 | AN38: 52 | AO38: 17 | AP38: 9 | AQ38: 7 | AR38: 7 | AS38: 2 | AT38: 362 | AU38: 63.214286 | AV38: 8 | AW38: 162
A39: 700000098 | B39: SECTOR MOSAICO JULIETH | C39: 9199 | D39: 672837 | E39: 9199 - MIRLEYS MARÍA MEDELLÍN COGOLLO | F39: LNO | G39: 202505 | H39: 769 | I39: 3.7975039e+08 | J39: 178 | K39: 172 | L39: 0.96629213 | M39: 195 | N39: 441194.6 | O39: 49854990 | P39: 174 | Q39: 0.1468254 | R39: 113 | S39: 0.64942529 | T39: 0 | U39: 0 | V39: 2 | W39: 2 | X39: 4 | Y39: 6 | Z39: 3 | AA39: 6 | AB39: 3 | AC39: 7 | AD39: 0.89342542 | AE39: 0.64942529 | AF39: 440197.04 | AG39: 997.56373 | AH39: 0.0022661755 | AI39: 481709.84 | AJ39: 493823.65 | AK39: 0.025147524 | AL39: 6 | AM39: 62 | AN39: 29 | AO39: 10 | AP39: 6 | AQ39: 4 | AR39: 4 | AS39: 2 | AT39: 228 | AU39: 64.942529 | AV39: 6 | AW39: 101
A40: 700000098 | B40: SECTOR MOSAICO JULIETH | C40: 9757 | D40: 251064 | E40: 9757 - KAREN MARGARITA JIMENEZ BAÑOS | F40: LNO | G40: 202606 | H40: 769 | I40: 3.7975039e+08 | J40: 37 | K40: 182 | L40: 4.9189189 | M40: 192 | N40: 486522.01 | O40: 59842207 | P40: 184 | Q40: 0.16005291 | R40: 123 | S40: 0.66847826 | T40: 0 | W40: 6 | X40: 11 | Y40: 7 | Z40: 5 | AA40: 10 | AB40: 1 | AC40: 4 | AD40: 0.98521407 | AE40: 0.66847826 | AF40: 484216.4 | AG40: 2305.609 | AH40: 0.004761526 | AI40: 481709.84 | AJ40: 493823.65 | AK40: 0.025147524 | AL40: 6 | AM40: 63 | AN40: 36 | AO40: 13 | AP40: 6 | AQ40: 1 | AR40: 2 | AS40: 2 | AT40: 244 | AU40: 66.847826 | AV40: 5 | AW40: 112
A41: 700000133 | B41: SECTOR INSPIRACIÓN VANESA | C41: 2010 | D41: 251534 | E41: 2010 - JHAZMIN ESTHER VEGA BRAVO | F41: LNO | G41: 201511 | H41: 705 | I41: 3.7159617e+08 | J41: 261 | K41: 239 | L41: 0.91570881 | M41: 271 | N41: 540745.73 | O41: 83274843 | P41: 241 | Q41: 0.2189781 | R41: 154 | S41: 0.63900415 | T41: 0 | U41: -7 | V41: 4 | W41: 2 | X41: 2 | Y41: 2 | Z41: 4 | AA41: 2 | AB41: 2 | AC41: 1 | AD41: 1.0259141 | AE41: 0.63900415 | AF41: 489308.74 | AG41: 51436.99 | AH41: 0.10512175 | AI41: 467208.74 | AJ41: 527086.76 | AK41: 0.12816118 | AL41: 7 | AM41: 88 | AN41: 41 | AO41: 14 | AP41: 7 | AQ41: 4 | AR41: 4 | AS41: 2 | AT41: 312 | AU41: 63.900415 | AV41: 5 | AW41: 143
A42: 700000133 | B42: SECTOR INSPIRACIÓN VANESA | C42: 3323 | D42: - | E42: 3323 - Fuera de grupo | F42: - | G42: - | H42: 705 | I42: 3.7159617e+08 | M42: 3 | N42: 318338.54 | O42: 636677.08 | P42: 3 | Q42: 0.002919708 | R42: 2 | S42: 0.66666667 | T42: 0 | W42: 0 | X42: 0 | AD42: 0.60395852 | AE42: 0.66666667 | AF42: 263653.17 | AG42: 54685.372 | AH42: 0.20741405 | AI42: 467208.74 | AJ42: 527086.76 | AK42: 0.12816118 | AL42: 4 | AM42: -2 | AN42: 0 | AO42: 0 | AP42: 1 | AQ42: 0 | AR42: 0 | AS42: 0 | AT42: 1 | AU42: 66.666667 | AV42: 0 | AW42: 0
A43: 700000133 | B43: SECTOR INSPIRACIÓN VANESA | C43: 5711 | D43: 735240 | E43: 5711 - MARGARITA ROSA ARTEAGA PEÑA | F43: LNO | G43: 202303 | H43: 705 | I43: 3.7159617e+08 | J43: 184 | K43: 159 | L43: 0.86413043 | M43: 182 | N43: 537785.13 | O43: 55391869 | P43: 160 | Q43: 0.1459854 | R43: 103 | S43: 0.64375 | T43: -1 | U43: -7 | V43: -11 | W43: 5 | X43: 4 | Y43: 3 | Z43: 2 | AA43: 2 | AB43: 2 | AC43: 1 | AD43: 1.0202972 | AE43: 0.64375 | AF43: 486629.76 | AG43: 51155.371 | AH43: 0.10512175 | AI43: 467208.74 | AJ43: 527086.76 | AK43: 0.12816118 | AL43: 7 | AM43: 59 | AN43: 23 | AO43: 9 | AP43: 6 | AQ43: 1 | AR43: 1 | AS43: 2 | AT43: 202 | AU43: 64.375 | AV43: 4 | AW43: 91
A44: 700000133 | B44: SECTOR INSPIRACIÓN VANESA | C44: 8852 | D44: 352596 | E44: 8852 - KEYLA KARINA CASTILLO MANJARREZ | F44: LNO | G44: 202404 | H44: 705 | I44: 3.7159617e+08 | J44: 194 | K44: 172 | L44: 0.88659794 | M44: 203 | N44: 476510.81 | O44: 52892700 | P44: 173 | Q44: 0.15766423 | R44: 111 | S44: 0.6416185 | T44: -1 | U44: 3 | V44: 2 | W44: 5 | X44: 6 | Y44: 3 | Z44: 1 | AA44: 3 | AB44: -3 | AC44: 1 | AD44: 0.90404626 | AE44: 0.6416185 | AF44: 431184 | AG44: 45326.815 | AH44: 0.10512175 | AI44: 467208.74 | AJ44: 527086.76 | AK44: 0.12816118 | AL44: 5 | AM44: 49 | AN44: 35 | AO44: 16 | AP44: 6 | AQ44: 5 | AR44: 5 | AS44: 2 | AT44: 227 | AU44: 64.16185 | AV44: 6 | AW44: 100
A45: 700000133 | B45: SECTOR INSPIRACIÓN VANESA | C45: 9214 | D45: 999843 | E45: 9214 - CINDY PAOLA TORRES BALLESTEROS | F45: LNO | G45: 202506 | H45: 705 | I45: 3.7159617e+08 | J45: 162 | K45: 139 | L45: 0.85802469 | M45: 160 | N45: 548579.41 | O45: 49920726 | P45: 141 | Q45: 0.12846715 | R45: 91 | S45: 0.64539007 | T45: 0 | U45: -5 | V45: 4 | W45: 7 | X45: 4 | Y45: 2 | Z45: -4 | AA45: -3 | AB45: 2 | AC45: 0 | AD45: 1.0407763 | AE45: 0.64539007 | AF45: 496397.26 | AG45: 52182.147 | AH45: 0.10512175 | AI45: 467208.74 | AJ45: 527086.76 | AK45: 0.12816118 | AL45: 6 | AM45: 50 | AN45: 21 | AO45: 11 | AP45: 5 | AQ45: 2 | AR45: 2 | AS45: 2 | AT45: 182 | AU45: 64.539007 | AV45: 3 | AW45: 82
A46: 700000133 | B46: SECTOR INSPIRACIÓN VANESA | C46: 9482 | D46: 603314 | E46: 9482 - SOL MARIA LUNA ARGEL | F46: LNO | G46: 202516 | H46: 705 | I46: 3.7159617e+08 | J46: 111 | K46: 107 | L46: 0.96396396 | M46: 119 | N46: 519391.68 | O46: 37396201 | P46: 109 | Q46: 0.10218978 | R46: 72 | S46: 0.66055046 | T46: 0 | U46: 2 | V46: 3 | W46: 3 | X46: 3 | Y46: 1 | Z46: 2 | AA46: 2 | AB46: 3 | AC46: 2 | AD46: 0.98540073 | AE46: 0.66055046 | AF46: 464256.27 | AG46: 55135.409 | AH46: 0.11876072 | AI46: 467208.74 | AJ46: 527086.76 | AK46: 0.12816118 | AL46: 6 | AM46: 38 | AN46: 20 | AO46: 5 | AP46: 5 | AQ46: 2 | AR46: 2 | AS46: 2 | AT46: 144 | AU46: 66.055046 | AV46: 3 | AW46: 63
A47: 700000133 | B47: SECTOR INSPIRACIÓN VANESA | C47: 9618 | D47: 985776 | E47: 9618 - KETYS MARGARITA ALTAMAR GARCIA | F47: LNO | G47: 202604 | H47: 705 | I47: 3.7159617e+08 | J47: 167 | K47: 151 | L47: 0.90419162 | M47: 179 | N47: 593396.24 | O47: 58152832 | P47: 153 | Q47: 0.13868613 | R47: 98 | S47: 0.64052288 | T47: 0 | V47: 7 | W47: -2 | X47: 2 | Y47: 3 | Z47: 3 | AA47: 2 | AB47: 3 | AC47: 2 | AD47: 1.1258037 | AE47: 0.64052288 | AF47: 536951.01 | AG47: 56445.228 | AH47: 0.10512175 | AI47: 467208.74 | AJ47: 527086.76 | AK47: 0.12816118 | AL47: 6 | AM47: 55 | AN47: 26 | AO47: 7 | AP47: 6 | AQ47: 5 | AR47: 5 | AS47: 2 | AT47: 202 | AU47: 64.052288 | AV47: 5 | AW47: 88
A48: 700000133 | B48: SECTOR INSPIRACIÓN VANESA | C48: 9842 | D48: 238877 | E48: 9842 - LUCELLY DEL CARMEN TRUJILLO ESPITIA | F48: LNO | G48: 202605 | H48: 705 | I48: 3.7159617e+08 | J48: 129 | K48: 114 | L48: 0.88372093 | M48: 134 | N48: 458517.81 | O48: 33930318 | P48: 115 | Q48: 0.10510949 | R48: 74 | S48: 0.64347826 | T48: -1 | W48: 6 | X48: 4 | Y48: -4 | Z48: 2 | AA48: 2 | AB48: 3 | AC48: 5 | AD48: 0.86990956 | AE48: 0.64347826 | AF48: 404908.1 | AG48: 53609.709 | AH48: 0.1323997 | AI48: 467208.74 | AJ48: 527086.76 | AK48: 0.12816118 | AL48: 4 | AM48: 41 | AN48: 21 | AO48: 5 | AP48: 2 | AQ48: 5 | AR48: 5 | AS48: 2 | AT48: 153 | AU48: 64.347826 | AV48: 3 | AW48: 67
A49: 700000178 | B49: SECTOR DESTELLO KARINA | C49: 3342 | D49: - | E49: 3342 - Fuera de grupo | F49: - | G49: - | H49: 1079 | I49: 5.401189e+08 | M49: 14 | N49: 247721.96 | O49: 2229497.6 | P49: 14 | Q49: 0.0085470085 | R49: 9 | S49: 0.64285714 | T49: 1 | W49: 0 | X49: 0 | AD49: 0.49487621 | AE49: 0.64285714 | AF49: 212450.5 | AG49: 35271.459 | AH49: 0.16602201 | AI49: 455665.27 | AJ49: 500573.58 | AK49: 0.09855548 | AL49: 4 | AM49: 2 | AN49: 1 | AO49: 0 | AP49: 0 | AQ49: 0 | AR49: 0 | AS49: 4 | AT49: 12 | AU49: 64.285714 | AV49: 3 | AW49: 3
A50: 700000178 | B50: SECTOR DESTELLO KARINA | C50: 4319 | D50: 257409 | E50: 4319 - JULIA DE LA CANDELARIA MARTINEZ PAYARES | F50: LNO | G50: 201813 | H50: 1079 | I50: 5.401189e+08 | J50: 409 | K50: 324 | L50: 0.79217604 | M50: 421 | N50: 494945.33 | O50: 1.0294863e+08 | P50: 326 | Q50: 0.19278253 | R50: 208 | S50: 0.63803681 | T50: 0 | U50: 11 | V50: -7 | W50: 10 | X50: 6 | Y50: 0 | Z50: 9 | AA50: -18 | AB50: 3 | AC50: 5 | AD50: 0.98875638 | AE50: 0.63803681 | AF50: 465106.2 | AG50: 29839.124 | AH50: 0.064155506 | AI50: 455665.27 | AJ50: 500573.58 | AK50: 0.09855548 | AL50: 20 | AM50: 102 | AN50: 50 | AO50: 20 | AP50: 25 | AQ50: 20 | AR50: 20 | AS50: 2 | AT50: 445 | AU50: 63.803681 | AV50: 16 | AW50: 172
A51: 700000178 | B51: SECTOR DESTELLO KARINA | C51: 4664 | D51: 207964 | E51: 4664 - CRISTY JOHANA BENAVIDES DIAZ | F51: LNO | G51: 201908 | H51: 1079 | I51: 5.401189e+08 | J51: 239 | K51: 225 | L51: 0.94142259 | M51: 289 | N51: 493187.87 | O51: 70525865 | P51: 226 | Q51: 0.13295347 | R51: 143 | S51: 0.63274336 | T51: -1 | U51: -3 | V51: 2 | W51: 5 | X51: 7 | Y51: 12 | Z51: 7 | AA51: 6 | AB51: 6 | AC51: 18 | AD51: 0.98524549 | AE51: 0.63274336 | AF51: 463454.7 | AG51: 29733.17 | AH51: 0.064155506 | AI51: 455665.27 | AJ51: 500573.58 | AK51: 0.09855548 | AL51: 12 | AM51: 76 | AN51: 32 | AO51: 13 | AP51: 15 | AQ51: 18 | AR51: 18 | AS51: 2 | AT51: 315 | AU51: 63.274336 | AV51: 10 | AW51: 121
A52: 700000178 | B52: SECTOR DESTELLO KARINA | C52: 5183 | D52: 668955 | E52: 5183 - SANDRA MARCELA VERGARA MARTINEZ | F52: LNO | G52: 202105 | H52: 1079 | I52: 5.401189e+08 | J52: 166 | K52: 107 | L52: 0.64457831 | M52: 138 | N52: 522825.5 | O52: 36597785 | P52: 109 | Q52: 0.064577398 | R52: 70 | S52: 0.64220183 | T52: 0 | U52: -3 | V52: -3 | W52: 2 | X52: 0 | Y52: -1 | Z52: -2 | AA52: -4 | AB52: -3 | AC52: -2 | AD52: 1.0444528 | AE52: 0.64220183 | AF52: 491305.54 | AG52: 31519.955 | AH52: 0.064155506 | AI52: 455665.27 | AJ52: 500573.58 | AK52: 0.09855548 | AL52: 6 | AM52: 34 | AN52: 20 | AO52: 5 | AP52: 7 | AQ52: 7 | AR52: 7 | AS52: 2 | AT52: 150 | AU52: 64.220183 | AV52: 5 | AW52: 59
A53: 700000178 | B53: SECTOR DESTELLO KARINA | C53: 5445 | D53: 554798 | E53: 5445 - PAULA ANDREA RIVERA ARIAS | F53: LNO | G53: 202204 | H53: 1079 | I53: 5.401189e+08 | J53: 207 | K53: 176 | L53: 0.85024155 | M53: 205 | N53: 556122.14 | O53: 63397924 | P53: 178 | Q53: 0.10541311 | R53: 114 | S53: 0.64044944 | T53: 0 | U53: -12 | V53: 6 | W53: 10 | X53: 2 | Y53: -6 | Z53: -3 | AA53: 6 | AB53: 1 | AC53: 3 | AD53: 1.1109698 | AE53: 0.64044944 | AF53: 522594.81 | AG53: 33527.334 | AH53: 0.064155506 | AI53: 455665.27 | AJ53: 500573.58 | AK53: 0.09855548 | AL53: 4 | AM53: 62 | AN53: 29 | AO53: 16 | AP53: 2 | AQ53: 7 | AR53: 7 | AS53: 2 | AT53: 237 | AU53: 64.044944 | AV53: 4 | AW53: 107
A54: 700000178 | B54: SECTOR DESTELLO KARINA | C54: 6117 | D54: 988129 | E54: 6117 - YASLY DEL CARMEN MATOS DOMINGUEZ | F54: LNO | G54: 202310 | H54: 1079 | I54: 5.401189e+08 | J54: 176 | K54: 170 | L54: 0.96590909 | M54: 192 | N54: 439987.76 | O54: 49718617 | P54: 172 | Q54: 0.10446344 | R54: 113 | S54: 0.65697674 | T54: 0 | U54: 3 | V54: 10 | W54: 8 | X54: 6 | Y54: 6 | Z54: 3 | AA54: -3 | AB54: 3 | AC54: 3 | AD54: 0.87896719 | AE54: 0.65697674 | AF54: 401919.75 | AG54: 38068.013 | AH54: 0.094715457 | AI54: 455665.27 | AJ54: 500573.58 | AK54: 0.09855548 | AL54: 5 | AM54: 62 | AN54: 30 | AO54: 12 | AP54: 5 | AQ54: 4 | AR54: 4 | AS54: 2 | AT54: 230 | AU54: 65.697674 | AV54: 4 | AW54: 104
A55: 700000178 | B55: SECTOR DESTELLO KARINA | C55: 6761 | D55: 1039557 | E55: 6761 - DIANA PATRICIA MONTESINO GANDARA | F55: LNO | G55: 202310 | H55: 1079 | I55: 5.401189e+08 | J55: 161 | K55: 112 | L55: 0.69565217 | M55: 138 | N55: 434219.42 | O55: 31698018 | P55: 115 | Q55: 0.067426401 | R55: 73 | S55: 0.63478261 | T55: 1 | U55: 1 | V55: 5 | W55: 2 | X55: 4 | Y55: 0 | Z55: -7 | AA55: -3 | AB55: -2 | AC55: -5 | AD55: 0.86744373 | AE55: 0.63478261 | AF55: 400376.1 | AG55: 33843.314 | AH55: 0.084528807 | AI55: 455665.27 | AJ55: 500573.58 | AK55: 0.09855548 | AL55: 4 | AM55: 40 | AN55: 22 | AO55: 4 | AP55: 2 | AQ55: 5 | AR55: 5 | AS55: 2 | AT55: 151 | AU55: 63.478261 | AV55: 4 | AW55: 66
A56: 700000178 | B56: SECTOR DESTELLO KARINA | C56: 8956 | D56: 1174885 | E56: 8956 - MARJORY ELISA LUNA MOYA | F56: LNO | G56: 202409 | H56: 1079 | I56: 5.401189e+08 | J56: 274 | K56: 197 | L56: 0.7189781 | M56: 247 | N56: 429218.05 | O56: 54510692 | P56: 199 | Q56: 0.11775878 | R56: 127 | S56: 0.63819095 | T56: 0 | U56: -19 | V56: 7 | W56: 7 | X56: 6 | Y56: 8 | Z56: -9 | AA56: 3 | AB56: -17 | AC56: 4 | AD56: 0.85745245 | AE56: 0.63819095 | AF56: 395764.54 | AG56: 33453.505 | AH56: 0.084528807 | AI56: 455665.27 | AJ56: 500573.58 | AK56: 0.09855548 | AL56: 4 | AM56: 68 | AN56: 26 | AO56: 21 | AP56: 5 | AQ56: 11 | AR56: 11 | AS56: 2 | AT56: 269 | AU56: 63.819095 | AV56: 8 | AW56: 115
A57: 700000178 | B57: SECTOR DESTELLO KARINA | C57: 9269 | D57: 612575 | E57: 9269 - LIA FERNANDA AVENDANO SERRANO | F57: LNO | G57: 202509 | H57: 1079 | I57: 5.401189e+08 | J57: 234 | K57: 213 | L57: 0.91025641 | M57: 249 | N57: 599912.17 | O57: 82187967 | P57: 215 | Q57: 0.12725546 | R57: 137 | S57: 0.6372093 | T57: 0 | U57: 2 | V57: 4 | W57: 6 | X57: 4 | Y57: 2 | Z57: 3 | AA57: -3 | AB57: 2 | AC57: 3 | AD57: 1.1984495 | AE57: 0.6372093 | AF57: 563744.83 | AG57: 36167.335 | AH57: 0.064155506 | AI57: 455665.27 | AJ57: 500573.58 | AK57: 0.09855548 | AL57: 6 | AM57: 77 | AN57: 37 | AO57: 12 | AP57: 7 | AQ57: 7 | AR57: 7 | AS57: 2 | AT57: 284 | AU57: 63.72093 | AV57: 5 | AW57: 126
A58: 700000178 | B58: SECTOR DESTELLO KARINA | C58: 9994 | D58: 887471 | E58: 9994 - MARIA DE LOS ANGELES ZAPATA ARAUJO | F58: LNO | G58: 202607 | H58: 1079 | I58: 5.401189e+08 | J58: 169 | K58: 132 | L58: 0.78106509 | M58: 162 | N58: 544751.82 | O58: 46303904 | P58: 134 | Q58: 0.078822412 | R58: 85 | S58: 0.63432836 | T58: 0 | W58: - | X58: 0 | Y58: 8 | Z58: -5 | AA58: -1 | AB58: -5 | AC58: -4 | AD58: 1.0882552 | AE58: 0.63432836 | AF58: 511909.97 | AG58: 32841.843 | AH58: 0.064155506 | AI58: 455665.27 | AJ58: 500573.58 | AK58: 0.09855548 | AL58: 5 | AM58: 41 | AN58: 23 | AO58: 12 | AP58: 5 | AQ58: 6 | AR58: 6 | AS58: 2 | AT58: 178 | AU58: 63.432836 | AV58: 4 | AW58: 76
A59: 700000232 | B59: SECTOR EXPRESIÓN NAYIBE | C59: 3390 | D59: - | E59: 3390 - Fuera de grupo | F59: - | G59: - | H59: 789 | I59: 4.3091175e+08 | M59: 46 | N59: 542870.81 | O59: 16286124 | P59: 46 | Q59: 0.038412292 | R59: 30 | S59: 0.65217391 | T59: -1 | W59: 0 | X59: 0 | AD59: 0.99399719 | AE59: 0.65217391 | AF59: 486638.67 | AG59: 56232.14 | AH59: 0.11555214 | AI59: 493349.27 | AJ59: 546149.24 | AK59: 0.10702351 | AL59: 6 | AM59: 10 | AN59: 5 | AO59: 0 | AP59: 0 | AQ59: 0 | AR59: 0 | AS59: 4 | AT59: 45 | AU59: 65.217391 | AV59: 8 | AW59: 15
A60: 700000232 | B60: SECTOR EXPRESIÓN NAYIBE | C60: 8831 | D60: 1398305 | E60: 8831 - TATIANA MILENA CASALLAS HURTADO | F60: LNO | G60: 202404 | H60: 789 | I60: 4.3091175e+08 | J60: 270 | K60: 231 | L60: 0.85555556 | M60: 278 | N60: 575840.85 | O60: 81193559 | P60: 233 | Q60: 0.17925736 | R60: 141 | S60: 0.60515021 | T60: 0 | U60: -4 | V60: 3 | W60: 4 | X60: 6 | Y60: -2 | Z60: -2 | AA60: 3 | AB60: -9 | AC60: -1 | AD60: 1.0543654 | AE60: 0.60515021 | AF60: 537604.08 | AG60: 38236.762 | AH60: 0.07112439 | AI60: 493349.27 | AJ60: 546149.24 | AK60: 0.10702351 | AL60: 11 | AM60: 64 | AN60: 33 | AO60: 25 | AP60: 12 | AQ60: 3 | AR60: 3 | AS60: 2 | AT60: 281 | AU60: 60.515021 | AV60: 8 | AW60: 122
A61: 700000232 | B61: SECTOR EXPRESIÓN NAYIBE | C61: 8927 | D61: 333237 | E61: 8927 - ANA MARIA MANJARRES VILLANUEVA | F61: LNO | G61: 202408 | H61: 789 | I61: 4.3091175e+08 | J61: 338 | K61: 275 | L61: 0.81360947 | M61: 338 | N61: 501202.95 | O61: 84202096 | P61: 276 | Q61: 0.21254802 | R61: 168 | S61: 0.60869565 | T61: -1 | U61: 6 | V61: 8 | W61: -5 | X61: 6 | Y61: 4 | Z61: -2 | AA61: 1 | AB61: -6 | AC61: 0 | AD61: 0.91770329 | AE61: 0.60869565 | AF61: 467922.26 | AG61: 33280.686 | AH61: 0.07112439 | AI61: 493349.27 | AJ61: 546149.24 | AK61: 0.10702351 | AL61: 9 | AM61: 82 | AN61: 53 | AO61: 12 | AP61: 13 | AQ61: 13 | AR61: 14 | AS61: 2 | AT61: 355 | AU61: 60.869565 | AV61: 12 | AW61: 147
A62: 700000232 | B62: SECTOR EXPRESIÓN NAYIBE | C62: 9374 | D62: 1618025 | E62: 9374 - BEATRIZ RAMIREZ QUEVEDO | F62: LNO | G62: 202517 | H62: 789 | I62: 4.3091175e+08 | J62: 142 | K62: 125 | L62: 0.88028169 | M62: 153 | N62: 506524.18 | O62: 39002361 | P62: 127 | Q62: 0.09731114 | R62: 77 | S62: 0.60629921 | T62: 0 | U62: 6 | V62: 7 | W62: 1 | X62: 5 | Y62: -3 | Z62: -4 | AA62: 0 | AB62: 1 | AC62: -2 | AD62: 0.92744645 | AE62: 0.60629921 | AF62: 472890.15 | AG62: 33634.024 | AH62: 0.07112439 | AI62: 493349.27 | AJ62: 546149.24 | AK62: 0.10702351 | AL62: 6 | AM62: 36 | AN62: 19 | AO62: 11 | AP62: 6 | AQ62: 4 | AR62: 4 | AS62: 2 | AT62: 157 | AU62: 60.629921 | AV62: 5 | AW62: 66
A63: 700000232 | B63: SECTOR EXPRESIÓN NAYIBE | C63: 9616 | D63: 296231 | E63: 9616 - LEIDY JOHANA GIRALDO VALENCIA | F63: LNO | G63: 202604 | H63: 789 | I63: 4.3091175e+08 | J63: 224 | K63: 214 | L63: 0.95535714 | M63: 247 | N63: 501832.32 | O63: 68249195 | P63: 217 | Q63: 0.17285531 | R63: 136 | S63: 0.62672811 | T63: 1 | V63: 17 | W63: 6 | X63: 10 | Y63: 3 | Z63: 0 | AA63: 2 | AB63: -2 | AC63: -3 | AD63: 0.91885565 | AE63: 0.62672811 | AF63: 463701.52 | AG63: 38130.792 | AH63: 0.082231328 | AI63: 493349.27 | AJ63: 546149.24 | AK63: 0.10702351 | AL63: 8 | AM63: 68 | AN63: 38 | AO63: 15 | AP63: 10 | AQ63: 6 | AR63: 7 | AS63: 2 | AT63: 280 | AU63: 62.672811 | AV63: 8 | AW63: 121
A64: 700000232 | B64: SECTOR EXPRESIÓN NAYIBE | C64: 10138 | D64: 1724395 | E64: 10138 - LUZ VIVIANA CAMACHO SOLER | F64: LNO | G64: 202609 | H64: 789 | I64: 4.3091175e+08 | J64: 140 | K64: 141 | L64: 1.0071429 | M64: 164 | N64: 503168.16 | O64: 45285134 | P64: 143 | Q64: 0.11395647 | R64: 90 | S64: 0.62937063 | T64: 0 | W64: - | X64: - | AA64: 8 | AB64: 0 | AC64: 3 | AD64: 0.92130158 | AE64: 0.62937063 | AF64: 464935.86 | AG64: 38232.294 | AH64: 0.082231328 | AI64: 493349.27 | AJ64: 546149.24 | AK64: 0.10702351 | AL64: 4 | AM64: 45 | AN64: 27 | AO64: 10 | AP64: 3 | AQ64: 7 | AR64: 7 | AS64: 2 | AT64: 189 | AU64: 62.937063 | AV64: 5 | AW64: 82
A65: 700000232 | B65: SECTOR EXPRESIÓN NAYIBE | C65: 10217 | D65: 4376 | E65: 10217 - MARITZA SAENZ VILLAMIL | F65: LNO | G65: 202611 | H65: 789 | I65: 4.3091175e+08 | J65: 31 | K65: 223 | L65: 7.1935484 | M65: 235 | N65: 662282.74 | O65: 96693279 | P65: 225 | Q65: 0.18565941 | R65: 146 | S65: 0.64888889 | T65: 0 | AC65: 0 | AD65: 1.2126406 | AE65: 0.64888889 | AF65: 605743.67 | AG65: 56539.064 | AH65: 0.093338266 | AI65: 493349.27 | AJ65: 546149.24 | AK65: 0.10702351 | AL65: 4 | AM65: 74 | AN65: 37 | AO65: 26 | AP65: 3 | AQ65: 10 | AR65: 11 | AS65: 2 | AT65: 307 | AU65: 64.888889 | AV65: 5 | AW65: 137
A66: 700000245 | B66: SECTOR ARTESANÍA FERNANDA | C66: 3402 | D66: - | E66: 3402 - Fuera de grupo | F66: - | G66: - | H66: 979 | I66: 4.641954e+08 | M66: 18 | N66: 202032.13 | O66: 2424385.6 | P66: 18 | Q66: 0.012605042 | R66: 12 | S66: 0.66666667 | T66: 0 | W66: 0 | X66: 0 | AD66: 0.42609095 | AE66: 0.66666667 | AF66: 166620 | AG66: 35412.134 | AH66: 0.21253231 | AI66: 423168.81 | AJ66: 474152.61 | AK66: 0.12048098 | AL66: 4 | AM66: 5 | AN66: 2 | AO66: 0 | AP66: 0 | AQ66: 0 | AR66: 0 | AS66: 1 | AT66: 19 | AU66: 66.666667 | AV66: 1 | AW66: 7
A67: 700000245 | B67: SECTOR ARTESANÍA FERNANDA | C67: 5719 | D67: 503822 | E67: 5719 - LAURA XIMENA CHIPATECUA MORENO | F67: LNO | G67: 202304 | H67: 979 | I67: 4.641954e+08 | J67: 226 | K67: 168 | L67: 0.74336283 | M67: 204 | N67: 472700.47 | O67: 50106250 | P67: 170 | Q67: 0.10819328 | R67: 106 | S67: 0.62352941 | T67: 0 | U67: 2 | V67: -2 | W67: 4 | X67: 0 | Y67: 1 | Z67: -4 | AA67: -5 | AB67: -1 | AC67: -1 | AD67: 0.99693741 | AE67: 0.62352941 | AF67: 435176.22 | AG67: 37524.255 | AH67: 0.086227725 | AI67: 423168.81 | AJ67: 474152.61 | AK67: 0.12048098 | AL67: 6 | AM67: 54 | AN67: 21 | AO67: 17 | AP67: 7 | AQ67: 7 | AR67: 8 | AS67: 2 | AT67: 220 | AU67: 62.352941 | AV67: 8 | AW67: 92
A68: 700000245 | B68: SECTOR ARTESANÍA FERNANDA | C68: 7957 | D68: 1034491 | E68: 7957 - NACY STELLA DUARTE CAÑON | F68: LNO | G68: 202310 | H68: 979 | I68: 4.641954e+08 | J68: 230 | K68: 202 | L68: 0.87826087 | M68: 237 | N68: 440670.49 | O68: 56405822 | P68: 204 | Q68: 0.1302521 | R68: 128 | S68: 0.62745098 | T68: 0 | U68: 1 | V68: 10 | W68: 0 | X68: 3 | Y68: 0 | Z68: -3 | AA68: -1 | AB68: 2 | AC68: 0 | AD68: 0.92938535 | AE68: 0.62745098 | AF68: 387658.37 | AG68: 53012.112 | AH68: 0.13674956 | AI68: 423168.81 | AJ68: 474152.61 | AK68: 0.12048098 | AL68: 6 | AM68: 68 | AN68: 34 | AO68: 13 | AP68: 6 | AQ68: 3 | AR68: 4 | AS68: 2 | AT68: 256 | AU68: 62.745098 | AV68: 7 | AW68: 115
A69: 700000245 | B69: SECTOR ARTESANÍA FERNANDA | C69: 7959 | D69: 1076655 | E69: 7959 - LIGIA MARIA RODRIGUEZ A. | F69: LNO | G69: 202310 | H69: 979 | I69: 4.641954e+08 | J69: 181 | K69: 146 | L69: 0.80662983 | M69: 175 | N69: 403861.57 | O69: 37559126 | P69: 148 | Q69: 0.094537815 | R69: 93 | S69: 0.62837838 | T69: 0 | U69: 1 | V69: 4 | W69: 3 | X69: 0 | Y69: 2 | Z69: -7 | AA69: -4 | AB69: -1 | AC69: 1 | AD69: 0.8517544 | AE69: 0.62837838 | AF69: 347554.15 | AG69: 56307.414 | AH69: 0.16201048 | AI69: 423168.81 | AJ69: 474152.61 | AK69: 0.12048098 | AL69: 6 | AM69: 49 | AN69: 26 | AO69: 6 | AP69: 6 | AQ69: 3 | AR69: 4 | AS69: 2 | AT69: 187 | AU69: 62.837838 | AV69: 6 | AW69: 81
A70: 700000245 | B70: SECTOR ARTESANÍA FERNANDA | C70: 8467 | D70: 199547 | E70: 8467 - ANGELA ZARITH MONROY LAITON | F70: LNO | G70: 202316 | H70: 979 | I70: 4.641954e+08 | J70: 245 | K70: 197 | L70: 0.80408163 | M70: 253 | N70: 427874.21 | O70: 53056402 | P70: 199 | Q70: 0.12710084 | R70: 124 | S70: 0.62311558 | T70: 0 | U70: 2 | V70: 2 | W70: 1 | X70: 5 | Y70: 2 | Z70: 2 | AA70: -3 | AB70: -2 | AC70: -1 | AD70: 0.90239768 | AE70: 0.62311558 | AF70: 376401.48 | AG70: 51472.736 | AH70: 0.13674956 | AI70: 423168.81 | AJ70: 474152.61 | AK70: 0.12048098 | AL70: 11 | AM70: 55 | AN70: 33 | AO70: 10 | AP70: 14 | AQ70: 8 | AR70: 10 | AS70: 2 | AT70: 254 | AU70: 62.311558 | AV70: 15 | AW70: 98
A71: 700000245 | B71: SECTOR ARTESANÍA FERNANDA | C71: 9021 | D71: 975220 | E71: 9021 - RUTH NARBELY VILLAMIL BUITRAGO | F71: LNO | G71: 202412 | H71: 979 | I71: 4.641954e+08 | J71: 171 | K71: 135 | L71: 0.78947368 | M71: 157 | N71: 572508.25 | O71: 48663202 | P71: 137 | Q71: 0.087184874 | R71: 85 | S71: 0.62043796 | T71: 0 | U71: -6 | V71: 4 | W71: -1 | X71: 0 | Y71: 1 | Z71: -5 | AA71: 5 | AB71: 2 | AC71: 2 | AD71: 1.2074346 | AE71: 0.62043796 | AF71: 527060.98 | AG71: 45447.269 | AH71: 0.086227725 | AI71: 423168.81 | AJ71: 474152.61 | AK71: 0.12048098 | AL71: 4 | AM71: 46 | AN71: 21 | AO71: 10 | AP71: 2 | AQ71: 3 | AR71: 4 | AS71: 2 | AT71: 171 | AU71: 62.043796 | AV71: 4 | AW71: 77
A72: 700000245 | B72: SECTOR ARTESANÍA FERNANDA | C72: 9126 | D72: 646289 | E72: 9126 - LIZETH MARIA RODRIGUEZ BUITRAGO | F72: LNO | G72: 202501 | H72: 979 | I72: 4.641954e+08 | J72: 166 | K72: 132 | L72: 0.79518072 | M72: 162 | N72: 497254.61 | O72: 41272132 | P72: 134 | Q72: 0.085084034 | R72: 83 | S72: 0.61940299 | T72: 0 | U72: 0 | V72: 3 | W72: 5 | X72: -3 | Y72: -2 | Z72: -1 | AA72: 1 | AB72: 4 | AC72: 3 | AD72: 1.0487227 | AE72: 0.61940299 | AF72: 457781.18 | AG72: 39473.429 | AH72: 0.086227725 | AI72: 423168.81 | AJ72: 474152.61 | AK72: 0.12048098 | AL72: 4 | AM72: 41 | AN72: 23 | AO72: 8 | AP72: 4 | AQ72: 7 | AR72: 8 | AS72: 2 | AT72: 174 | AU72: 61.940299 | AV72: 7 | AW72: 72
A73: 700000245 | B73: SECTOR ARTESANÍA FERNANDA | C73: 9215 | D73: 1093353 | E73: 9215 - LADY VANESSA GONZALEZ ROJAS | F73: LNO | G73: 202506 | H73: 979 | I73: 4.641954e+08 | J73: 238 | K73: 192 | L73: 0.80672269 | M73: 229 | N73: 469215.24 | O73: 56775044 | P73: 194 | Q73: 0.12394958 | R73: 121 | S73: 0.62371134 | T73: 0 | U73: 0 | V73: 4 | W73: -3 | X73: 5 | Y73: -3 | Z73: 1 | AA73: -6 | AB73: -2 | AC73: 3 | AD73: 0.98958697 | AE73: 0.62371134 | AF73: 422150.28 | AG73: 47064.962 | AH73: 0.11148864 | AI73: 423168.81 | AJ73: 474152.61 | AK73: 0.12048098 | AL73: 4 | AM73: 61 | AN73: 35 | AO73: 13 | AP73: 5 | AQ73: 5 | AR73: 7 | AS73: 2 | AT73: 247 | AU73: 62.371134 | AV73: 8 | AW73: 109
A74: 700000245 | B74: SECTOR ARTESANÍA FERNANDA | C74: 9454 | D74: 1606814 | E74: 9454 - MARIELA HERRERA CAMARGO | F74: LNO | G74: 202515 | H74: 979 | I74: 4.641954e+08 | J74: 198 | K74: 174 | L74: 0.87878788 | M74: 213 | N74: 479325.97 | O74: 52725856 | P74: 176 | Q74: 0.11239496 | R74: 110 | S74: 0.625 | T74: 0 | U74: 1 | V74: 3 | W74: 2 | X74: 0 | Y74: 6 | Z74: 3 | AA74: -4 | AB74: 5 | AC74: 0 | AD74: 1.0109108 | AE74: 0.625 | AF74: 441275.76 | AG74: 38050.205 | AH74: 0.086227725 | AI74: 423168.81 | AJ74: 474152.61 | AK74: 0.12048098 | AL74: 10 | AM74: 46 | AN74: 33 | AO74: 12 | AP74: 10 | AQ74: 5 | AR74: 7 | AS74: 2 | AT74: 223 | AU74: 62.5 | AV74: 9 | AW74: 91
A75: 700000245 | B75: SECTOR ARTESANÍA FERNANDA | C75: 9841 | D75: 1062847 | E75: 9841 - MARILYN FRANCO DUARTE | F75: LNO | G75: 202605 | H75: 979 | I75: 4.641954e+08 | J75: 216 | K75: 184 | L75: 0.85185185 | M75: 221 | N75: 562130.88 | O75: 65207182 | P75: 186 | Q75: 0.11869748 | R75: 116 | S75: 0.62365591 | T75: 0 | W75: 17 | X75: 10 | Y75: -8 | Z75: 5 | AA75: -7 | AB75: -3 | AC75: -3 | AD75: 1.1855484 | AE75: 0.62365591 | AF75: 517507.39 | AG75: 44623.485 | AH75: 0.086227725 | AI75: 423168.81 | AJ75: 474152.61 | AK75: 0.12048098 | AL75: 4 | AM75: 49 | AN75: 36 | AO75: 19 | AP75: 5 | AQ75: 5 | AR75: 7 | AS75: 2 | AT75: 237 | AU75: 62.365591 | AV75: 8 | AW75: 104
A76: 700000254 | B76: SECTOR CREATIVIDAD YOMAIRA | C76: 3410 | D76: - | E76: 3410 - Fuera de grupo | F76: - | G76: - | H76: 749 | I76: 3.6481986e+08 | M76: 3 | N76: 443036.97 | O76: 886073.93 | P76: 3 | Q76: 0.0027472527 | R76: 2 | S76: 0.66666667 | T76: 0 | W76: 0 | X76: 0 | AD76: 0.90958505 | AE76: 0.66666667 | AF76: 346587.4 | AG76: 96449.565 | AH76: 0.27828353 | AI76: 412784.04 | AJ76: 487075.91 | AK76: 0.17997757 | AL76: 4 | AM76: -2 | AN76: -1 | AO76: 1 | AP76: 0 | AQ76: 0 | AR76: 0 | AS76: 0 | AT76: 0 | AU76: 66.666667 | AV76: 0 | AW76: 0
A77: 700000254 | B77: SECTOR CREATIVIDAD YOMAIRA | C77: 3959 | D77: 101727 | E77: 3959 - PIEDAD CECILIA NARANJO BERTEL | F77: LNO | G77: 201716 | H77: 749 | I77: 3.6481986e+08 | J77: 206 | K77: 189 | L77: 0.91747573 | M77: 215 | N77: 540662.6 | O77: 65960837 | P77: 191 | Q77: 0.16346154 | R77: 122 | S77: 0.63874346 | T77: 0 | U77: 2 | V77: 2 | W77: 6 | X77: 4 | Y77: 2 | Z77: 1 | AA77: 2 | AB77: 0 | AC77: 1 | AD77: 1.1100171 | AE77: 0.63874346 | AF77: 477127.61 | AG77: 63534.99 | AH77: 0.13316142 | AI77: 412784.04 | AJ77: 487075.91 | AK77: 0.17997757 | AL77: 4 | AM77: 69 | AN77: 32 | AO77: 14 | AP77: 3 | AQ77: 5 | AR77: 5 | AS77: 2 | AT77: 250 | AU77: 63.874346 | AV77: 3 | AW77: 115
A78: 700000254 | B78: SECTOR CREATIVIDAD YOMAIRA | C78: 4738 | D78: 529889 | E78: 4738 - DERLIS DEL SOCORRO MARQUEZ HERRERA | F78: LNO | G78: 201912 | H78: 749 | I78: 3.6481986e+08 | J78: 337 | K78: 288 | L78: 0.85459941 | M78: 352 | N78: 518786.74 | O78: 96494334 | P78: 290 | Q78: 0.24862637 | R78: 186 | S78: 0.64137931 | T78: 0 | U78: -5 | V78: 8 | W78: 8 | X78: 5 | Y78: -8 | Z78: 2 | AA78: 4 | AB78: -10 | AC78: 4 | AD78: 1.0651045 | AE78: 0.64137931 | AF78: 457822.45 | AG78: 60964.288 | AH78: 0.13316142 | AI78: 412784.04 | AJ78: 487075.91 | AK78: 0.17997757 | AL78: 16 | AM78: 94 | AN78: 50 | AO78: 16 | AP78: 17 | AQ78: 12 | AR78: 12 | AS78: 2 | AT78: 387 | AU78: 64.137931 | AV78: 9 | AW78: 160
A79: 700000254 | B79: SECTOR CREATIVIDAD YOMAIRA | C79: 6146 | D79: 988047 | E79: 6146 - NOHORA ISABEL HERNANDEZ PEREZ | F79: LNO | G79: 202310 | H79: 749 | I79: 3.6481986e+08 | J79: 374 | K79: 284 | L79: 0.75935829 | M79: 351 | N79: 469498.17 | O79: 52114297 | P79: 174 | Q79: 0.14835165 | R79: 111 | S79: 0.63793103 | T79: -112 | U79: -10 | V79: -8 | W79: 12 | X79: 13 | Y79: -17 | Z79: 0 | AA79: 4 | AB79: -12 | AC79: 3 | AD79: 0.96391171 | AE79: 0.63793103 | AF79: 387835.56 | AG79: 81662.609 | AH79: 0.21055988 | AI79: 412784.04 | AJ79: 487075.91 | AK79: 0.17997757 | AL79: 17 | AM79: 5 | AN79: 2 | AO79: 6 | AP79: 15 | AQ79: 8 | AR79: 7 | AS79: 2 | AT79: 154 | AU79: 63.793103 | AV79: 10 | AW79: 13
A80: 700000254 | B80: SECTOR CREATIVIDAD YOMAIRA | C80: 6818 | D80: 1037580 | E80: 6818 - SALMA CECILIA NARANJO VILLALBA | F80: LNO | G80: 202310 | H80: 749 | I80: 3.6481986e+08 | J80: 311 | K80: 234 | L80: 0.75241158 | M80: 291 | N80: 456038.3 | O80: 68861783 | P80: 236 | Q80: 0.20192308 | R80: 151 | S80: 0.63983051 | T80: 0 | U80: -6 | V80: 1 | W80: 6 | X80: 3 | Y80: 0 | Z80: -5 | AA80: 2 | AB80: -16 | AC80: -2 | AD80: 0.93627768 | AE80: 0.63983051 | AF80: 376716.85 | AG80: 79321.453 | AH80: 0.21055988 | AI80: 412784.04 | AJ80: 487075.91 | AK80: 0.17997757 | AL80: 11 | AM80: 84 | AN80: 32 | AO80: 16 | AP80: 13 | AQ80: 11 | AR80: 10 | AS80: 2 | AT80: 317 | AU80: 63.983051 | AV80: 8 | AW80: 132
A81: 700000254 | B81: SECTOR CREATIVIDAD YOMAIRA | C81: 6854 | D81: 176289 | E81: 6854 - ROSIRIS SANCHEZ VILLERA | F81: LNO | G81: 202310 | H81: 749 | I81: 3.6481986e+08 | J81: 196 | K81: 155 | L81: 0.79081633 | M81: 185 | N81: 471571.69 | O81: 47628741 | P81: 157 | Q81: 0.13461538 | R81: 101 | S81: 0.6433121 | T81: 0 | U81: 0 | V81: -9 | W81: 10 | X81: 5 | Y81: -9 | Z81: 8 | AA81: 2 | AB81: -8 | AC81: 5 | AD81: 0.96816878 | AE81: 0.6433121 | AF81: 402412.77 | AG81: 69158.92 | AH81: 0.17186065 | AI81: 412784.04 | AJ81: 487075.91 | AK81: 0.17997757 | AL81: 5 | AM81: 57 | AN81: 20 | AO81: 14 | AP81: 5 | AQ81: 5 | AR81: 5 | AS81: 2 | AT81: 207 | AU81: 64.33121 | AV81: 4 | AW81: 91
A82: 700000254 | B82: SECTOR CREATIVIDAD YOMAIRA | C82: 10249 | D82: 1004353 | E82: 10249 - ANLLYS SUAREZ MARTINEZ | F82: LNO | G82: 202612 | H82: 749 | I82: 3.6481986e+08 | K82: 0 | M82: 13 | N82: 438317.21 | O82: 32873790 | P82: 114 | Q82: 0.10027473 | R82: 75 | S82: 0.65789474 | T82: 112 | AD82: 0.89989506 | AE82: 0.65789474 | AF82: 407694.24 | AG82: 30622.965 | AH82: 0.075112577 | AI82: 412784.04 | AJ82: 487075.91 | AK82: 0.17997757 | AL82: 4 | AM82: 88 | AN82: 41 | AO82: 14 | AP82: 3 | AQ82: 4 | AR82: 3 | AS82: 2 | AT82: 228 | AU82: 65.789474 | AV82: 2 | AW82: 143
A83: 700000278 | B83: SECTOR CREACIÓN PERLA | C83: 4256 | D83: - | E83: 4256 - Fuera de grupo | F83: - | G83: - | H83: 813 | I83: 3.9308795e+08 | M83: 26 | N83: 491562.4 | O83: 8356560.8 | P83: 26 | Q83: 0.021410579 | R83: 17 | S83: 0.65384615 | T83: 0 | W83: 0 | X83: 0 | AD83: 1.0166687 | AE83: 0.65384615 | AF83: 427094.13 | AG83: 64468.267 | AH83: 0.15094627 | AI83: 427094.13 | AJ83: 483503.01 | AK83: 0.132076 | AL83: 6 | AM83: 6 | AN83: 3 | AO83: 0 | AP83: 0 | AQ83: 0 | AR83: 0 | AS83: 4 | AT83: 26 | AU83: 65.384615 | AV83: 2 | AW83: 9
A84: 700000278 | B84: SECTOR CREACIÓN PERLA | C84: 4324 | D84: 302195 | E84: 4324 - FRANCIA MARILUZ IVARGUEN ASPRILLA | F84: LNO | G84: 201815 | H84: 813 | I84: 3.9308795e+08 | J84: 230 | K84: 171 | L84: 0.74347826 | M84: 207 | N84: 496807.01 | O84: 54648771 | P84: 173 | Q84: 0.13476071 | R84: 110 | S84: 0.63583815 | T84: 0 | U84: 7 | V84: 2 | W84: 2 | X84: 4 | Y84: -14 | Z84: -6 | AA84: 1 | AB84: -9 | AC84: -4 | AD84: 1.0275158 | AE84: 0.63583815 | AF84: 453586.07 | AG84: 43220.939 | AH84: 0.095287183 | AI84: 427094.13 | AJ84: 483503.01 | AK84: 0.132076 | AL84: 7 | AM84: 59 | AN84: 29 | AO84: 10 | AP84: 8 | AQ84: 5 | AR84: 6 | AS84: 2 | AT84: 227 | AU84: 63.583815 | AV84: 6 | AW84: 98
A85: 700000278 | B85: SECTOR CREACIÓN PERLA | C85: 4825 | D85: 546260 | E85: 4825 - VIGLENILCE DE JESUS PASTOR HOYOS | F85: LNO | G85: 201916 | H85: 813 | I85: 3.9308795e+08 | J85: 182 | K85: 154 | L85: 0.84615385 | M85: 185 | N85: 532001.75 | O85: 52136172 | P85: 156 | Q85: 0.1209068 | R85: 98 | S85: 0.62820513 | T85: 0 | U85: 2 | V85: 2 | W85: 2 | X85: 2 | Y85: 6 | Z85: 1 | AA85: 0 | AB85: 0 | AC85: 3 | AD85: 1.100307 | AE85: 0.62820513 | AF85: 485718.96 | AG85: 46282.792 | AH85: 0.095287183 | AI85: 427094.13 | AJ85: 483503.01 | AK85: 0.132076 | AL85: 7 | AM85: 49 | AN85: 28 | AO85: 9 | AP85: 7 | AQ85: 5 | AR85: 5 | AS85: 2 | AT85: 201 | AU85: 62.820513 | AV85: 5 | AW85: 86
A86: 700000278 | B86: SECTOR CREACIÓN PERLA | C86: 5851 | D86: 987514 | E86: 5851 - DIANA LUZ MONTIEL CALIZ | F86: LNO | G86: 202310 | H86: 813 | I86: 3.9308795e+08 | J86: 180 | K86: 144 | L86: 0.8 | M86: 171 | N86: 485834.36 | O86: 44696761 | P86: 146 | Q86: 0.11335013 | R86: 92 | S86: 0.63013699 | T86: 0 | U86: -1 | V86: 6 | W86: 2 | X86: -1 | Y86: -3 | Z86: 3 | AA86: -12 | AB86: 3 | AC86: -6 | AD86: 1.0048218 | AE86: 0.63013699 | AF86: 443568.01 | AG86: 42266.347 | AH86: 0.095287183 | AI86: 427094.13 | AJ86: 483503.01 | AK86: 0.132076 | AL86: 11 | AM86: 49 | AN86: 20 | AO86: 8 | AP86: 9 | AQ86: 2 | AR86: 2 | AS86: 2 | AT86: 182 | AU86: 63.013699 | AV86: 4 | AW86: 77
A87: 700000278 | B87: SECTOR CREACIÓN PERLA | C87: 5868 | D87: 988939 | E87: 5868 - MARGARITA ROSA NORIEGA JINETE | F87: LNO | G87: 202310 | H87: 813 | I87: 3.9308795e+08 | J87: 246 | K87: 191 | L87: 0.77642276 | M87: 226 | N87: 442383.97 | O87: 53970845 | P87: 193 | Q87: 0.14987406 | R87: 122 | S87: 0.63212435 | T87: 0 | U87: -13 | V87: 1 | W87: 6 | X87: 6 | Y87: 2 | Z87: 1 | AA87: -2 | AB87: -10 | AC87: -1 | AD87: 0.91495598 | AE87: 0.63212435 | AF87: 384365.44 | AG87: 58018.531 | AH87: 0.15094627 | AI87: 427094.13 | AJ87: 483503.01 | AK87: 0.132076 | AL87: 4 | AM87: 74 | AN87: 31 | AO87: 8 | AP87: 4 | AQ87: 6 | AR87: 7 | AS87: 2 | AT87: 252 | AU87: 63.212435 | AV87: 6 | AW87: 113
A88: 700000278 | B88: SECTOR CREACIÓN PERLA | C88: 6716 | D88: 1007257 | E88: 6716 - LETYZ MARIA BRUN SUAREZ | F88: LNO | G88: 202416 | H88: 813 | I88: 3.9308795e+08 | J88: 155 | K88: 111 | L88: 0.71612903 | M88: 145 | N88: 524486.46 | O88: 37763025 | P88: 113 | Q88: 0.088161209 | R88: 72 | S88: 0.63716814 | T88: 0 | U88: 3 | V88: -2 | W88: 4 | X88: 2 | Y88: 0 | Z88: -2 | AA88: -5 | AB88: 3 | AC88: 0 | AD88: 1.0847636 | AE88: 0.63716814 | AF88: 478857.48 | AG88: 45628.98 | AH88: 0.095287183 | AI88: 427094.13 | AJ88: 483503.01 | AK88: 0.132076 | AL88: 8 | AM88: 31 | AN88: 16 | AO88: 10 | AP88: 9 | AQ88: 6 | AR88: 7 | AS88: 2 | AT88: 151 | AU88: 63.716814 | AV88: 7 | AW88: 57
A89: 700000278 | B89: SECTOR CREACIÓN PERLA | C89: 8427 | D89: 468872 | E89: 8427 - CARMEN LOURDES GARCIA ALVARADO | F89: LNO | G89: 202314 | H89: 813 | I89: 3.9308795e+08 | J89: 201 | K89: 164 | L89: 0.8159204 | M89: 209 | N89: 529492.15 | O89: 55596675 | P89: 166 | Q89: 0.12972292 | R89: 105 | S89: 0.63253012 | T89: 0 | U89: 3 | V89: 8 | W89: 0 | X89: 3 | Y89: 2 | Z89: 1 | AA89: 2 | AB89: -1 | AC89: 1 | AD89: 1.0951165 | AE89: 0.63253012 | AF89: 483427.68 | AG89: 46064.462 | AH89: 0.095287183 | AI89: 427094.13 | AJ89: 483503.01 | AK89: 0.132076 | AL89: 6 | AM89: 44 | AN89: 32 | AO89: 14 | AP89: 9 | AQ89: 13 | AR89: 14 | AS89: 2 | AT89: 231 | AU89: 63.253012 | AV89: 9 | AW89: 90
A90: 700000278 | B90: SECTOR CREACIÓN PERLA | C90: 9338 | D90: 974990 | E90: 9338 - LISETH DEL CARMEN PALACIO PEREZ | F90: LNO | G90: 202511 | H90: 813 | I90: 3.9308795e+08 | J90: 210 | K90: 195 | L90: 0.92857143 | M90: 243 | N90: 434760.59 | O90: 54345073 | P90: 197 | Q90: 0.15365239 | R90: 125 | S90: 0.63451777 | T90: 0 | U90: 9 | V90: -1 | W90: 8 | X90: 6 | Y90: 5 | Z90: 4 | AA90: 3 | AB90: 1 | AC90: 2 | AD90: 0.89918899 | AE90: 0.63451777 | AF90: 377741.86 | AG90: 57018.726 | AH90: 0.15094627 | AI90: 427094.13 | AJ90: 483503.01 | AK90: 0.132076 | AL90: 10 | AM90: 64 | AN90: 29 | AO90: 13 | AP90: 12 | AQ90: 8 | AR90: 8 | AS90: 2 | AT90: 259 | AU90: 63.451777 | AV90: 9 | AW90: 106
A91: 700000278 | B91: SECTOR CREACIÓN PERLA | C91: 9360 | D91: 883559 | E91: 9360 - ADRIANA MARIA ORDÓÑEZ | F91: LNO | G91: 202604 | H91: 813 | I91: 3.9308795e+08 | J91: 64 | K91: 105 | L91: 1.640625 | M91: 128 | N91: 438528.71 | O91: 31574067 | P91: 107 | Q91: 0.088161209 | R91: 72 | S91: 0.6728972 | T91: 0 | V91: 2 | W91: 9 | X91: 6 | Y91: 3 | Z91: 3 | AA91: -6 | AB91: 3 | AC91: -3 | AD91: 0.90698237 | AE91: 0.6728972 | AF91: 372020.45 | AG91: 66508.26 | AH91: 0.17877582 | AI91: 427094.13 | AJ91: 483503.01 | AK91: 0.132076 | AL91: 4 | AM91: 29 | AN91: 20 | AO91: 12 | AP91: 6 | AQ91: 9 | AR91: 10 | AS91: 2 | AT91: 158 | AU91: 67.28972 | AV91: 7 | AW91: 61
A92: 700000281 | B92: SECTOR PICASSO REGINA | C92: 4286 | D92: - | E92: 4286 - Fuera de grupo | F92: - | G92: - | H92: 935 | I92: 4.4448684e+08 | M92: 92 | N92: 489697.8 | O92: 30361264 | P92: 92 | Q92: 0.066376496 | R92: 62 | S92: 0.67391304 | T92: 0 | W92: 0 | X92: 0 | AD92: 1.0301035 | AE92: 0.67391304 | AF92: 416724.9 | AG92: 72972.906 | AH92: 0.1751105 | AI92: 416724.9 | AJ92: 475386.99 | AK92: 0.14076935 | AL92: 5 | AM92: 38 | AN92: 16 | AO92: 0 | AP92: 0 | AQ92: 0 | AR92: 0 | AS92: 5 | AT92: 116 | AU92: 67.391304 | AV92: 3 | AW92: 54
A93: 700000281 | B93: SECTOR PICASSO REGINA | C93: 5764 | D93: 247364 | E93: 5764 - LILYBETH FUENTES RAMOS | F93: LNO | G93: 202305 | H93: 935 | I93: 4.4448684e+08 | J93: 263 | K93: 208 | L93: 0.79087452 | M93: 243 | N93: 514488.13 | O93: 38072121 | P93: 118 | Q93: 0.079434168 | R93: 74 | S93: 0.62711864 | T93: -92 | U93: 1 | V93: 2 | W93: 6 | X93: -2 | Y93: 6 | Z93: 1 | AA93: -1 | AB93: -7 | AC93: -4 | AD93: 1.0822512 | AE93: 0.62711864 | AF93: 473301.75 | AG93: 41186.372 | AH93: 0.087019268 | AI93: 416724.9 | AJ93: 475386.99 | AK93: 0.14076935 | AL93: 12 | AM93: -4 | AN93: -4 | AO93: 7 | AP93: 5 | AQ93: 7 | AR93: 7 | AS93: 2 | AT93: 92 | AU93: 62.711864 | AV93: 5 | AW93: 0
A94: 700000281 | B94: SECTOR PICASSO REGINA | C94: 6799 | D94: 446166 | E94: 6799 - GLENIS DEL CARMEN ORTIZ ACOSTA | F94: LNO | G94: 202310 | H94: 935 | I94: 4.4448684e+08 | J94: 231 | K94: 174 | L94: 0.75324675 | M94: 214 | N94: 436040.39 | O94: 48400483 | P94: 176 | Q94: 0.11860718 | R94: 111 | S94: 0.63068182 | T94: 0 | U94: 2 | V94: 2 | W94: 1 | X94: 1 | Y94: 2 | Z94: -1 | AA94: -6 | AB94: -1 | AC94: -4 | AD94: 0.91723248 | AE94: 0.63068182 | AF94: 390583.14 | AG94: 45457.243 | AH94: 0.11638301 | AI94: 416724.9 | AJ94: 475386.99 | AK94: 0.14076935 | AL94: 5 | AM94: 62 | AN94: 24 | AO94: 14 | AP94: 7 | AQ94: 10 | AR94: 10 | AS94: 2 | AT94: 238 | AU94: 63.068182 | AV94: 7 | AW94: 100
A95: 700000281 | B95: SECTOR PICASSO REGINA | C95: 6809 | D95: 1196154 | E95: 6809 - DELYS MARGOTH DIAZ MADERA | F95: LNO | G95: 202310 | H95: 935 | I95: 4.4448684e+08 | J95: 222 | K95: 177 | L95: 0.7972973 | M95: 218 | N95: 403185.91 | O95: 45560008 | P95: 179 | Q95: 0.12078346 | R95: 113 | S95: 0.63128492 | T95: 0 | U95: 2 | V95: 2 | W95: 1 | X95: 2 | Y95: 4 | Z95: 1 | AA95: 1 | AB95: 1 | AC95: -3 | AD95: 0.84812147 | AE95: 0.63128492 | AF95: 343104.68 | AG95: 60081.233 | AH95: 0.1751105 | AI95: 416724.9 | AJ95: 475386.99 | AK95: 0.14076935 | AL95: 5 | AM95: 60 | AN95: 29 | AO95: 12 | AP95: 7 | AQ95: 12 | AR95: 12 | AS95: 2 | AT95: 245 | AU95: 63.128492 | AV95: 7 | AW95: 101
A96: 700000281 | B96: SECTOR PICASSO REGINA | C96: 9230 | D96: 943937 | E96: 9230 - YESID ANDRES DE HOYOS PADILLA | F96: LNO | G96: 202507 | H96: 935 | I96: 4.4448684e+08 | J96: 264 | K96: 213 | L96: 0.80681818 | M96: 255 | N96: 492340.6 | O96: 66465981 | P96: 215 | Q96: 0.14472252 | R96: 135 | S96: 0.62790698 | T96: 0 | U96: -5 | V96: 2 | W96: 6 | X96: 2 | Y96: -12 | Z96: 6 | AA96: -1 | AB96: 6 | AC96: -5 | AD96: 1.0356628 | AE96: 0.62790698 | AF96: 452927.21 | AG96: 39413.394 | AH96: 0.087019268 | AI96: 416724.9 | AJ96: 475386.99 | AK96: 0.14076935 | AL96: 6 | AM96: 74 | AN96: 36 | AO96: 12 | AP96: 8 | AQ96: 8 | AR96: 8 | AS96: 2 | AT96: 281 | AU96: 62.790698 | AV96: 7 | AW96: 122
A97: 700000281 | B97: SECTOR PICASSO REGINA | C97: 9424 | D97: 1350582 | E97: 9424 - DAYANA SALGADO VERGARA | F97: LNO | G97: 202514 | H97: 935 | I97: 4.4448684e+08 | J97: 166 | K97: 134 | L97: 0.80722892 | M97: 162 | N97: 487112 | O97: 41404520 | P97: 136 | Q97: 0.0914037 | R97: 85 | S97: 0.625 | T97: 0 | U97: 0 | V97: 1 | W97: 3 | X97: 1 | Y97: -6 | Z97: 2 | AA97: -1 | AB97: 0 | AC97: 1 | AD97: 1.0246641 | AE97: 0.625 | AF97: 448117.18 | AG97: 38994.829 | AH97: 0.087019268 | AI97: 416724.9 | AJ97: 475386.99 | AK97: 0.14076935 | AL97: 6 | AM97: 48 | AN97: 20 | AO97: 6 | AP97: 6 | AQ97: 4 | AR97: 4 | AS97: 2 | AT97: 173 | AU97: 62.5 | AV97: 5 | AW97: 74
A98: 700000281 | B98: SECTOR PICASSO REGINA | C98: 9481 | D98: 162397 | E98: 9481 - YEIDYS LORENA VEGA MARTINEZ | F98: LNO | G98: 202516 | H98: 935 | I98: 4.4448684e+08 | J98: 174 | K98: 143 | L98: 0.82183908 | M98: 169 | N98: 428223.15 | O98: 39396529 | P98: 145 | Q98: 0.097932535 | R98: 92 | S98: 0.63448276 | T98: 0 | U98: 6 | V98: -5 | W98: -2 | X98: 4 | Y98: 1 | Z98: 0 | AA98: 2 | AB98: 0 | AC98: 1 | AD98: 0.90078853 | AE98: 0.63448276 | AF98: 373750.26 | AG98: 54472.888 | AH98: 0.14574676 | AI98: 416724.9 | AJ98: 475386.99 | AK98: 0.14076935 | AL98: 4 | AM98: 57 | AN98: 22 | AO98: 5 | AP98: 3 | AQ98: 6 | AR98: 7 | AS98: 2 | AT98: 192 | AU98: 63.448276 | AV98: 4 | AW98: 84
A99: 700000281 | B99: SECTOR PICASSO REGINA | C99: 9538 | D99: 331829 | E99: 9538 - KAREN STEFANY MONTES LOPEZ | F99: LNO | G99: 202601 | H99: 935 | I99: 4.4448684e+08 | J99: 181 | K99: 174 | L99: 0.96132597 | M99: 190 | N99: 508726.55 | O99: 56977374 | P99: 173 | Q99: 0.11969532 | R99: 112 | S99: 0.64739884 | T99: -3 | U99: 7 | V99: 4 | W99: 2 | X99: 2 | Y99: 2 | Z99: 2 | AA99: -1 | AB99: 4 | AC99: -4 | AD99: 1.0701314 | AE99: 0.64739884 | AF99: 461764.57 | AG99: 46961.984 | AH99: 0.10170114 | AI99: 416724.9 | AJ99: 475386.99 | AK99: 0.14076935 | AL99: 7 | AM99: 56 | AN99: 31 | AO99: 13 | AP99: 6 | AQ99: 2 | AR99: 2 | AS99: 2 | AT99: 222 | AU99: 64.739884 | AV99: 3 | AW99: 100
A100: 700000281 | B100: SECTOR PICASSO REGINA | C100: 9617 | D100: 1685600 | E100: 9617 - KEILY PATRICIA ARRIETA GUEVARA | F100: LNO | G100: 202604 | H100: 935 | I100: 4.4448684e+08 | J100: 152 | K100: 139 | L100: 0.91447368 | M100: 163 | N100: 575123.81 | O100: 51186019 | P100: 141 | Q100: 0.094668118 | R100: 89 | S100: 0.63120567 | T100: 0 | V100: 10 | W100: 2 | X100: 2 | Y100: -3 | Z100: 2 | AA100: 0 | AB100: 2 | AC100: 6 | AD100: 1.2098013 | AE100: 0.63120567 | AF100: 529083.36 | AG100: 46040.447 | AH100: 0.087019268 | AI100: 416724.9 | AJ100: 475386.99 | AK100: 0.14076935 | AL100: 4 | AM100: 51 | AN100: 25 | AO100: 5 | AP100: 4 | AQ100: 5 | AR100: 5 | AS100: 2 | AT100: 184 | AU100: 63.120567 | AV100: 4 | AW100: 81
...

Sheet Hoja2
A2: Principales | B2: $CN | C2: =Resumen!Z22 -> 466353.29 | E2: Etiquetas de fila | F2: Suma de Desafío Facturación | G2: Suma de Desafío de Activas | I2: Nivel actual | J2: Desafío facturación | K2: Desafío de Activas
B3: Disponibles | C3: =Resumen!H22 -> 31728 | E3: LNO | F3: 8.9627051e+09 | G3: 19060 | I3: =E3 -> LNO | J3: =F3 -> 8.9627051e+09 | K3: =G3 -> 19060
B4: Actividad | C4: =Resumen!AA22 -> 0.6231094 | E4: - | F4: 2.594312e+08 | G4: 710 | I4: =E4 -> - | J4: =F4 -> 2.594312e+08 | K4: =G4 -> 710
B5: Actividad frecuente | C5: =Resumen!AB22 -> 0.54502773 | E5: Total general | F5: 9.2221363e+09 | G5: 19770 | I5: =E5 -> Total general | J5: =F5 -> 9.2221363e+09 | K5: =G5 -> 19770
B6: Facturación | C6: =Resumen!Y22 -> 9.2221363e+09
A7: Otros | B7: Saldo | C7: =Resumen!I22 -> 250
B8: Inactivas 3 | C8: =Resumen!M22 -> 2198
B9: Inicios | C9: =Resumen!F22 -> 1155

Sheet Histórico Actividad
P1: Actualizado
B2: Cod. Sector | C2: Sector | D2: Clúster | E2: Nombre GN | F2: 202603 | G2: 202604 | H2: =G2+1 -> 202605 | I2: =H2+1 -> 202606 | J2: =I2+1 -> 202607 | K2: =J2+1 -> 202608 | L2: =K2+1 -> 202609 | M2: =L2+1 -> 202610 | N2: =M2+1 -> 202611 | O2: Promedio | P2: ="% Cumpl. Disp C"&Activas!$D$1-1 -> % Cumpl. Disp C11 | Q2: Exigencia | R2: Objetivo E1 | S2: Escenario 2 | T2: Exigencia | U2: Propuesta | V2: Ec. Clúster | W2: Exigencia Final | X2: Disp. PY | Y2: Activas
B3: 700000459 | C3: Sector MATICES Clery | D3: Poblaciones Cundinamarca_Facatativá/Madrid | E3: Clery Enith Cuellar Rojas | F3: 0.66600791 | G3: 0.67476636 | H3: 0.62939002 | I3: 0.65674256 | J3: 0.63924593 | K3: 0.64499572 | L3: 0.67563025 | M3: 0.66804979 | N3: 0.64529221 | O3: =AVERAGE(L3,G3,I3,M3,F3) -> 0.66823937 | P3: 1.1261426 | Q3: 0.008 | R3: =O3+Q3 -> 0.67623937 | S3: =$R$23+P27 -> 0.65712553 | T3: =S3-O3 -> -0.011113838 | U3: =AVERAGE(S3,R3) -> 0.66668245 | V3: =Activas!$S$3+'Histórico Actividad'!W3 -> 0.61628342 | W3: =_xlfn.XLOOKUP(B3,[23]Activas!$B:$B,[23]Activas!$AC:$AC) -> -0.0068165789 | X3: =_xlfn.XLOOKUP(B3,Activas!B:B,Activas!H:H) -> 1246 | Y3: =ROUND(X3*V3,0) -> 768 | Z3: =VLOOKUP(P3,$AC$8:$AE$11,3,TRUE) -> -0.017
B4: 700000423 | C4: Sector ARMONÍA Claudia | D4: Sucre_Sincelejo | E4: Claudia Patricia Benitez | F4: 0.68251928 | G4: 0.68308081 | H4: 0.65309842 | I4: 0.64944216 | J4: 0.63704559 | K4: 0.62847222 | L4: 0.63988439 | M4: 0.65898345 | N4: 0.63861095 | O4: =AVERAGE(L4,G4,I4,M4,F4) -> 0.66278202 | P4: 1.0397797 | Q4: 0.008 | R4: =O4+Q4 -> 0.67078202 | S4: =$R$23+P28 -> 0.6552347 | T4: =S4-O4 -> -0.007547323 | U4: =AVERAGE(S4,R4) -> 0.66300836 | V4: =Activas!$S$3+'Histórico Actividad'!W4 -> 0.63276268 | W4: =_xlfn.XLOOKUP(B4,[23]Activas!$B:$B,[23]Activas!$AC:$AC) -> 0.0096626792 | X4: =_xlfn.XLOOKUP(B4,Activas!B:B,Activas!H:H) -> 1712 | Y4: =ROUND(X4*V4,0) -> 1083 | Z4: =VLOOKUP(P4,$AC$8:$AE$11,3,TRUE) -> -0.015
B5: 700000428 | C5: Sector GALERÍA Yurieth | D5: Montería | E5: Yurieth Álvarez | F5: 0.67789757 | G5: 0.70967742 | H5: 0.6710775 | I5: 0.68965517 | J5: 0.675 | K5: 0.67816092 | L5: 0.67613973 | M5: 0.67703349 | N5: 0.66963755 | O5: =AVERAGE(L5,G5,I5,M5,F5) -> 0.68608068 | P5: 1.0651899 | Q5: 0.008 | R5: =O5+Q5 -> 0.69408068 | S5: =$R$23+P29 -> 0.66077239 | T5: =S5-O5 -> -0.025308286 | U5: =AVERAGE(S5,R5) -> 0.67742653 | V5: =Activas!$S$3+'Histórico Actividad'!W5 -> 0.63378197 | W5: =_xlfn.XLOOKUP(B5,[23]Activas!$B:$B,[23]Activas!$AC:$AC) -> 0.010681974 | X5: =_xlfn.XLOOKUP(B5,Activas!B:B,Activas!H:H) -> 1695 | Y5: =ROUND(X5*V5,0) -> 1074 | Z5: =VLOOKUP(P5,$AC$8:$AE$11,3,TRUE) -> -0.017
B6: 700000281 | C6: Sector PICASSO Regina | D6: Poblaciones córdoba_Lórica | E6: Regina Isabel Peñate Argumedo | F6: 0.70491803 | G6: 0.65588235 | H6: 0.66954644 | I6: 0.66217175 | J6: 0.65768958 | K6: 0.67038328 | L6: 0.71063536 | M6: 0.68707483 | N6: 0.67606602 | O6: =AVERAGE(L6,G6,I6,M6,F6) -> 0.68413647 | P6: 1.0400572 | Q6: 0.008 | R6: =O6+Q6 -> 0.69213647 | S6: =$R$23+P30 -> 0.66077239 | T6: =S6-O6 -> -0.023364075 | U6: =AVERAGE(S6,R6) -> 0.67645443 | V6: =Activas!$S$3+'Histórico Actividad'!W6 -> 0.63758054 | W6: =_xlfn.XLOOKUP(B6,[23]Activas!$B:$B,[23]Activas!$AC:$AC) -> 0.014480541 | X6: =_xlfn.XLOOKUP(B6,Activas!B:B,Activas!H:H) -> 1466 | Y6: =ROUND(X6*V6,0) -> 935 | Z6: =VLOOKUP(P6,$AC$8:$AE$11,3,TRUE) -> -0.015
B7: 700000278 | C7: Sector CREACIÓN Perla | D7: Sucre_Magangue | E7: Perla Maria Sierra Diaz | F7: 0.69488684 | G7: 0.6784831 | H7: 0.67253803 | I7: 0.65673981 | J7: 0.59389671 | K7: 0.64669261 | L7: 0.67429022 | M7: 0.65845909 | N7: 0.63045202 | O7: =AVERAGE(L7,G7,I7,M7,F7) -> 0.67257181 | P7: 0.99841647 | Q7: 0.01 | R7: =O7+Q7 -> 0.68257181 | S7: =$R$23+P31 -> 0.66077239 | T7: =S7-O7 -> -0.011799422 | U7: =AVERAGE(S7,R7) -> 0.6716721 | V7: =Activas!$S$3+'Histórico Actividad'!W7 -> 0.63798488 | W7: =_xlfn.XLOOKUP(B7,[23]Activas!$B:$B,[23]Activas!$AC:$AC) -> 0.014884882 | X7: =_xlfn.XLOOKUP(B7,Activas!B:B,Activas!H:H) -> 1274 | Y7: =ROUND(X7*V7,0) -> 813 | Z7: =VLOOKUP(P7,$AC$8:$AE$11,3,TRUE) -> -0.013 | AC7: Desde | AD7: Hasta
B8: 700000021 | C8: Sector COLORES Karen | D8: Bogotá_Norte-Centro | E8: Karen Esperanza Contreras Patiño | F8: 0.63810436 | G8: 0.63876652 | H8: 0.58628955 | I8: 0.59952607 | J8: 0.60704225 | K8: 0.59822264 | L8: 0.62674095 | M8: 0.60571964 | N8: 0.60505002 | O8: =AVERAGE(L8,G8,I8,M8,F8) -> 0.62177151 | P8: 1.0023878 | Q8: 0.01 | R8: =O8+Q8 -> 0.63177151 | S8: =$R$23+P32 -> 0.62242551 | T8: =S8-O8 -> 0.00065400264 | U8: =AVERAGE(S8,R8) -> 0.62709851 | V8: =Activas!$S$3+'Histórico Actividad'!W8 -> 0.6059994 | W8: =_xlfn.XLOOKUP(B8,[23]Activas!$B:$B,[23]Activas!$AC:$AC) -> -0.017100597 | X8: =_xlfn.XLOOKUP(B8,Activas!B:B,Activas!H:H) -> 2111 | Y8: =ROUND(X8*V8,0) -> 1279 | Z8: =VLOOKUP(P8,$AC$8:$AE$11,3,TRUE) -> -0.015 | AC8: 0.9 | AD8: 0.9499 | AE8: -0.01
B9: 700000466 | C9: Sector EMOCIONES Dolly | D9: Boyacá_DuitamaBoyacá | E9: Dolly Yanine Parra Velandia | F9: 0.67443554 | G9: 0.6609319 | H9: 0.59173669 | I9: 0.63692519 | J9: 0.60748299 | K9: 0.59972395 | L9: 0.63674033 | M9: 0.68150685 | N9: 0.63519022 | O9: =AVERAGE(L9,G9,I9,M9,F9) -> 0.65810796 | P9: 1.0123796 | Q9: 0.012 | R9: =O9+Q9 -> 0.67010796 | S9: =$R$23+P33 -> 0.63158237 | T9: =S9-O9 -> -0.026525591 | U9: =AVERAGE(S9,R9) -> 0.65084517 | V9: =Activas!$S$3+'Histórico Actividad'!W9 -> 0.62221007 | W9: =_xlfn.XLOOKUP(B9,[23]Activas!$B:$B,[23]Activas!$AC:$AC) -> -0.00088993197 | X9: =_xlfn.XLOOKUP(B9,Activas!B:B,Activas!H:H) -> 1484 | Y9: =ROUND(X9*V9,0) -> 923 | Z9: =VLOOKUP(P9,$AC$8:$AE$11,3,TRUE) -> -0.015 | AC9: 0.95 | AD9: 0.9999 | AE9: -0.013
B10: 700000098 | C10: Sector MOSAICO Julieth | D10: Montería | E10: Judith Julieth Castrillon Perez | F10: 0.57419981 | G10: 0.65145631 | H10: 0.6473384 | I10: 0.68324125 | J10: 0.64028777 | K10: 0.64470169 | L10: 0.60969163 | M10: 0.68950564 | N10: 0.66470588 | O10: =AVERAGE(L10,G10,I10,M10,F10) -> 0.64161893 | P10: 1.0475352 | Q10: 0.012 | R10: =O10+Q10 -> 0.65361893 | S10: =$R$23+P34 -> 0.63771669 | T10: =S10-O10 -> -0.0039022325 | U10: =AVERAGE(S10,R10) -> 0.64566781 | V10: =Activas!$S$3+'Histórico Actividad'!W10 -> 0.64364361 | W10: =_xlfn.XLOOKUP(B10,[23]Activas!$B:$B,[23]Activas!$AC:$AC) -> 0.020543611 | X10: =_xlfn.XLOOKUP(B10,Activas!B:B,Activas!H:H) -> 1202 | Y10: =ROUND(X10*V10,0) -> 774 | Z10: =VLOOKUP(P10,$AC$8:$AE$11,3,TRUE) -> -0.015 | AC10: 1 | AD10: 1.0499 | AE10: -0.015
B11: 700000178 | C11: Sector DESTELLO Karina | D11: Sucre_Sincelejo | E11: Karina Paola Vasquez Montalvo | F11: 0.65031847 | G11: 0.64571429 | H11: 0.67014102 | I11: 0.65471924 | J11: 0.60438909 | K11: 0.60856633 | L11: 0.63674699 | M11: 0.63321168 | N11: 0.66387058 | O11: =AVERAGE(L11,G11,I11,M11,F11) -> 0.64414213 | P11: 0.98698995 | Q11: 0.012 | R11: =O11+Q11 -> 0.65614213 | S11: =$R$23+P35 -> 0.64052792 | T11: =S11-O11 -> -0.0036142155 | U11: =AVERAGE(S11,R11) -> 0.64833502 | V11: =Activas!$S$3+'Histórico Actividad'!W11 -> 0.64175299 | W11: =_xlfn.XLOOKUP(B11,[23]Activas!$B:$B,[23]Activas!$AC:$AC) -> 0.018652991 | X11: =_xlfn.XLOOKUP(B11,Activas!B:B,Activas!H:H) -> 1682 | Y11: =ROUND(X11*V11,0) -> 1079 | Z11: =VLOOKUP(P11,$AC$8:$AE$11,3,TRUE) -> -0.013 | AC11: 1.05 | AD11: 1.075 | AE11: -0.017
B12: 700000232 | C12: Sector EXPRESIÓN Nayibe | D12: Poblaciones Cundinamarca_Facatativá/Madrid | E12: Nayibe Esmeralda Pulido | F12: 0.65353038 | G12: 0.65751212 | H12: 0.59347653 | I12: 0.63783784 | J12: 0.6023166 | K12: 0.57668232 | L12: 0.64756672 | M12: 0.61477363 | N12: 0.61464968 | O12: =AVERAGE(L12,G12,I12,M12,F12) -> 0.64224414 | P12: 0.9691358 | Q12: 0.012 | R12: =O12+Q12 -> 0.65424414 | S12: =$R$23+P36 -> 0.62600321 | T12: =S12-O12 -> -0.016240922 | U12: =AVERAGE(S12,R12) -> 0.64012368 | V12: =Activas!$S$3+'Histórico Actividad'!W12 -> 0.62223685 | W12: =_xlfn.XLOOKUP(B12,[23]Activas!$B:$B,[23]Activas!$AC:$AC) -> -0.00086314961 | X12: =_xlfn.XLOOKUP(B12,Activas!B:B,Activas!H:H) -> 1268 | Y12: =ROUND(X12*V12,0) -> 789 | Z12: =VLOOKUP(P12,$AC$8:$AE$11,3,TRUE) -> -0.013
B13: 700000456 | C13: Sector ACUARELA Yeimi | D13: Bogotá_Norte-Centro | E13: Yeimi Patricia Rodriguez | F13: 0.6343546 | G13: 0.65012531 | H13: 0.56737941 | I13: 0.62247413 | J13: 0.62981003 | K13: 0.62156863 | L13: 0.62283237 | M13: 0.63807229 | N13: 0.62065683 | O13: =AVERAGE(L13,G13,I13,M13,F13) -> 0.63357174 | P13: 1.0253782 | Q13: 0.012 | R13: =O13+Q13 -> 0.64557174 | S13: =$R$23+P37 -> 0.62309207 | T13: =S13-O13 -> -0.01047967 | U13: =AVERAGE(S13,R13) -> 0.6343319 | V13: =Activas!$S$3+'Histórico Actividad'!W13 -> 0.61556207 | W13: =_xlfn.XLOOKUP(B13,[23]Activas!$B:$B,[23]Activas!$AC:$AC) -> -0.0075379271 | X13: =_xlfn.XLOOKUP(B13,Activas!B:B,Activas!H:H) -> 2113 | Y13: =ROUND(X13*V13,0) -> 1301 | Z13: =VLOOKUP(P13,$AC$8:$AE$11,3,TRUE) -> -0.015
B14: 700000133 | C14: Sector INSPIRACIÓN Vanesa | D14: Montería | E14: Katherine Vanesa Gomez Coronado | F14: 0.64444444 | G14: 0.67446592 | H14: 0.67956349 | I14: 0.67313288 | J14: 0.66794995 | K14: 0.70610687 | L14: 0.73390152 | M14: 0.70065482 | N14: 0.66697417 | O14: =AVERAGE(L14,G14,I14,M14,F14) -> 0.68531992 | P14: 1.009311 | Q14: 0.012 | R14: =O14+Q14 -> 0.69731992 | S14: =$R$23+P38 -> 0.66077239 | T14: =S14-O14 -> -0.024547525 | U14: =AVERAGE(S14,R14) -> 0.67904615 | V14: =Activas!$S$3+'Histórico Actividad'!W14 -> 0.64115492 | W14: =_xlfn.XLOOKUP(B14,[23]Activas!$B:$B,[23]Activas!$AC:$AC) -> 0.018054921 | X14: =_xlfn.XLOOKUP(B14,Activas!B:B,Activas!H:H) -> 1096 | Y14: =ROUND(X14*V14,0) -> 703 | Z14: =VLOOKUP(P14,$AC$8:$AE$11,3,TRUE) -> -0.015
B15: 700000458 | C15: Sector LIENZO Ángela | D15: Poblaciones Cundinamarca_Chía | E15: Ángela Rios | F15: 0.70256024 | G15: 0.70075188 | H15: 0.60740741 | I15: 0.66450216 | J15: 0.65329513 | K15: 0.64654545 | L15: 0.69318182 | M15: 0.68172342 | N15: 0.65253648 | O15: =AVERAGE(L15,G15,I15,M15,F15) -> 0.6885439 | P15: 1.0176803 | Q15: 0.018 | R15: =O15+Q15 -> 0.7065439 | S15: =$R$23+P39 -> 0.66077239 | T15: =S15-O15 -> -0.027771513 | U15: =AVERAGE(S15,R15) -> 0.68365815 | V15: =Activas!$S$3+'Histórico Actividad'!W15 -> 0.62186759 | W15: =_xlfn.XLOOKUP(B15,[23]Activas!$B:$B,[23]Activas!$AC:$AC) -> -0.0012324138 | X15: =_xlfn.XLOOKUP(B15,Activas!B:B,Activas!H:H) -> 1452 | Y15: =ROUND(X15*V15,0) -> 903 | Z15: =VLOOKUP(P15,$AC$8:$AE$11,3,TRUE) -> -0.015
B16: 700000245 | C16: Sector ARTESANÍA Fernanda | D16: Boyacá_Chiquinquirá Boyacá | E16: Fernanda Peña | F16: 0.6843484 | G16: 0.64438676 | H16: 0.60448718 | I16: 0.62768647 | J16: 0.62752525 | K16: 0.63538364 | L16: 0.65099807 | M16: 0.63735558 | N16: 0.62403101 | O16: =AVERAGE(L16,G16,I16,M16,F16) -> 0.64895506 | P16: 0.95555556 | Q16: 0.018 | R16: =O16+Q16 -> 0.66695506 | S16: =$R$23+P40 -> 0.64113082 | T16: =S16-O16 -> -0.0078242322 | U16: =AVERAGE(S16,R16) -> 0.65404294 | V16: =Activas!$S$3+'Histórico Actividad'!W16 -> 0.62690599 | W16: =_xlfn.XLOOKUP(B16,[23]Activas!$B:$B,[23]Activas!$AC:$AC) -> 0.003805986 | X16: =_xlfn.XLOOKUP(B16,Activas!B:B,Activas!H:H) -> 1561 | Y16: =ROUND(X16*V16,0) -> 979 | Z16: =VLOOKUP(P16,$AC$8:$AE$11,3,TRUE) -> -0.013
B17: 700000022 | C17: Sector BRILLO Kelly | D17: Bogotá_Norte-Centro | E17: Kelly Lorena Mesa | F17: 0.62381219 | G17: 0.63043478 | H17: 0.56627842 | I17: 0.60307861 | J17: 0.60417812 | K17: 0.59181416 | L17: 0.64360242 | M17: 0.60010941 | N17: 0.59444444 | O17: =AVERAGE(L17,G17,I17,M17,F17) -> 0.62020748 | P17: 0.96411355 | Q17: 0.018 | R17: =O17+Q17 -> 0.63820748 | S17: =$R$23+P41 -> 0.62242551 | T17: =S17-O17 -> 0.0022180276 | U17: =AVERAGE(S17,R17) -> 0.6303165 | V17: =Activas!$S$3+'Histórico Actividad'!W17 -> 0.61075055 | W17: =_xlfn.XLOOKUP(B17,[23]Activas!$B:$B,[23]Activas!$AC:$AC) -> -0.012349445 | X17: =_xlfn.XLOOKUP(B17,Activas!B:B,Activas!H:H) -> 1813 | Y17: =ROUND(X17*V17,0) -> 1107 | Z17: =VLOOKUP(P17,$AC$8:$AE$11,3,TRUE) -> -0.013
B18: 700000457 | C18: Sector PINCEL Iliana | D18: Bogotá_Norte-Centro | E18: Iliana Alexandra Riaño Enciso | F18: 0.63107314 | G18: 0.65359828 | H18: 0.59603004 | I18: 0.60462614 | J18: 0.60671723 | K18: 0.60947712 | L18: 0.63409338 | M18: 0.61907357 | N18: 0.62864865 | O18: =AVERAGE(L18,G18,I18,M18,F18) -> 0.6284929 | P18: 0.9645464 | Q18: 0.02 | R18: =O18+Q18 -> 0.6484929 | S18: =$R$23+P42 -> 0.62242551 | T18: =S18-O18 -> -0.0060673938 | U18: =AVERAGE(S18,R18) -> 0.63545921 | V18: =Activas!$S$3+'Histórico Actividad'!W18 -> 0.61059014 | W18: =_xlfn.XLOOKUP(B18,[23]Activas!$B:$B,[23]Activas!$AC:$AC) -> -0.012509864 | X18: =_xlfn.XLOOKUP(B18,Activas!B:B,Activas!H:H) -> 1862 | Y18: =ROUND(X18*V18,0) -> 1137 | Z18: =VLOOKUP(P18,$AC$8:$AE$11,3,TRUE) -> -0.013
B19: 700000454 | C19: Sector ABÁNICO Judy | D19: Bogotá_Norte-Centro | E19: Judy Daza | F19: 0.64646465 | G19: 0.63483146 | H19: 0.54418345 | I19: 0.61277778 | J19: 0.59597607 | K19: 0.54454898 | L19: 0.61056645 | M19: 0.61847826 | N19: 0.60324324 | O19: =AVERAGE(L19,G19,I19,M19,F19) -> 0.62462372 | P19: 0.97317201 | Q19: 0.02 | R19: =O19+Q19 -> 0.64462372 | S19: =$R$23+P43 -> 0.62242551 | T19: =S19-O19 -> -0.0021982097 | U19: =AVERAGE(S19,R19) -> 0.63352461 | V19: =Activas!$S$3+'Histórico Actividad'!W19 -> 0.61055351 | W19: =_xlfn.XLOOKUP(B19,[23]Activas!$B:$B,[23]Activas!$AC:$AC) -> -0.012546486 | X19: =_xlfn.XLOOKUP(B19,Activas!B:B,Activas!H:H) -> 1862 | Y19: =ROUND(X19*V19,0) -> 1137 | Z19: =VLOOKUP(P19,$AC$8:$AE$11,3,TRUE) -> -0.013
B20: 700000023 | C20: Sector POESIA Yulieth | D20: Bogotá_Norte-Centro | E20: Yenny Yulieth Campo Murillo | F20: 0.61575875 | G20: 0.66522158 | H20: 0.58039594 | I20: 0.61981896 | J20: 0.61954459 | K20: 0.60525036 | L20: 0.63970944 | M20: 0.63982213 | N20: 0.5952381 | O20: =AVERAGE(L20,G20,I20,M20,F20) -> 0.63606617 | P20: 0.90633609 | Q20: 0.02 | R20: =O20+Q20 -> 0.65606617 | S20: =$R$23+P44 -> 0.62268566 | T20: =S20-O20 -> -0.013380512 | U20: =AVERAGE(S20,R20) -> 0.63937592 | V20: =Activas!$S$3+'Histórico Actividad'!W20 -> 0.61276482 | W20: =_xlfn.XLOOKUP(B20,[23]Activas!$B:$B,[23]Activas!$AC:$AC) -> -0.010335184 | X20: =_xlfn.XLOOKUP(B20,Activas!B:B,Activas!H:H) -> 1985 | Y20: =ROUND(X20*V20,0) -> 1216 | Z20: =VLOOKUP(P20,$AC$8:$AE$11,3,TRUE) -> -0.01
B21: 700000254 | C21: Sector CREATIVIDAD Yomaira | D21: Poblaciones córdoba_Tierralta | E21: Yomaira Estela Doria Ramos | F21: 0.67706577 | G21: 0.63298791 | H21: 0.64383562 | I21: 0.66499582 | J21: 0.64952871 | K21: 0.67435897 | L21: 0.66779374 | M21: 0.62708883 | N21: 0.67042498 | O21: =AVERAGE(L21,G21,I21,M21,F21) -> 0.65398642 | P21: 0.89867498 | Q21: 0.025 | R21: =O21+Q21 -> 0.67898642 | S21: =$R$23+P45 -> 0.66052379 | T21: =S21-O21 -> 0.0065373766 | U21: =AVERAGE(S21,R21) -> 0.6697551 | V21: =Activas!$S$3+'Histórico Actividad'!W21 -> 0.64830417 | W21: =_xlfn.XLOOKUP(B21,[23]Activas!$B:$B,[23]Activas!$AC:$AC) -> 0.025204167 | X21: =_xlfn.XLOOKUP(B21,Activas!B:B,Activas!H:H) -> 1165 | Y21: =ROUND(X21*V21,0) -> 755 | Z21: =VLOOKUP(P21,$AC$8:$AE$11,3,TRUE) -> #N/A
B22: 700000455 | C22: Sector ESPLENDOR Carolina | D22: Bogotá_Norte-Centro | E22: Carolina Tangarife Tamayo | F22: 0.60968971 | G22: 0.61274238 | H22: 0.54550499 | I22: 0.58998875 | J22: 0.58673469 | K22: 0.55981143 | L22: 0.63056206 | M22: 0.609375 | N22: 0.62903226 | O22: =AVERAGE(L22,G22,I22,M22,F22) -> 0.61047158 | P22: 1.0455965 | Q22: 0.025 | R22: =O22+Q22 -> 0.63547158 | S22: =$R$23+P46 -> 0.62242551 | T22: =S22-O22 -> 0.011953928 | U22: =AVERAGE(S22,R22) -> 0.62894855 | V22: =Activas!$S$3+'Histórico Actividad'!W22 -> 0.60599522 | W22: =_xlfn.XLOOKUP(B22,[23]Activas!$B:$B,[23]Activas!$AC:$AC) -> -0.017104776 | X22: =_xlfn.XLOOKUP(B22,Activas!B:B,Activas!H:H) -> 1687 | Y22: =ROUND(X22*V22,0) -> 1022 | Z22: =VLOOKUP(P22,$AC$8:$AE$11,3,TRUE) -> -0.015
E23: Gerencia de Ventas Arte | F23: 0.6518 | G23: 0.656 | H23: 0.6101 | I23: 0.6361 | J23: 0.623 | K23: 0.6201 | L23: 0.6495 | M23: 0.6439 | N23: 0.6334 | O23: =AVERAGE(L23,G23,I23,M23,F23) -> 0.64746 | P23: =Activas!S3-'Histórico Actividad'!O23 -> -0.02436 | Q23: =R23-O23 -> -0.01036 | R23: ='[24]Resumen GV'!$E$12 -> 0.6371 | Y23: =SUM(Y3:Y22) -> 19777
Y24: =Activas!R28 -> 19775
Y25: =Y24-Y23 -> -2
B26: Cod. Sector | C26: Sector | D26: Clúster | E26: Nombre GN | F26: 202603 | G26: 202604 | H26: =G26+1 -> 202605 | I26: =H26+1 -> 202606 | J26: =I26+1 -> 202607 | K26: =J26+1 -> 202608 | L26: =K26+1 -> 202609 | M26: =L26+1 -> 202610 | N26: =M26+1 -> 202611 | O26: Promedio | P26: Objetivo
B27: 700000459 | C27: Sector MATICES Clery | D27: Poblaciones Cundinamarca_Facatativá/Madrid | E27: Clery Enith Cuellar Rojas | F27: =F3-F$23 -> 0.014207905 | G27: =G3-G$23 -> 0.018766355 | H27: =H3-H$23 -> 0.019290018 | I27: =I3-I$23 -> 0.020642557 | J27: =J3-J$23 -> 0.01624593 | K27: =K3-K$23 -> 0.024895723 | L27: =L3-L$23 -> 0.026130252 | M27: =M3-M$23 -> 0.024149793 | N27: =N3-N$23 -> 0.011892208 | O27: =AVERAGE(F27:L27) -> 0.020025534 | P27: =IF(O27<$N$50,$N$50,IF(O27>$O$51,$O$51,O27)) -> 0.020025534
B28: 700000423 | C28: Sector ARMONÍA Claudia | D28: Sucre_Sincelejo | E28: Claudia Patricia Benitez | F28: =F4-F$23 -> 0.03071928 | G28: =G4-G$23 -> 0.027080808 | H28: =H4-H$23 -> 0.04299842 | I28: =I4-I$23 -> 0.013342161 | J28: =J4-J$23 -> 0.014045586 | K28: =K4-K$23 -> 0.0083722222 | L28: =L4-L$23 -> -0.0096156069 | M28: =M4-M$23 -> 0.015083452 | N28: =N4-N$23 -> 0.0052109476 | O28: =AVERAGE(F28:L28) -> 0.018134696 | P28: =IF(O28<$N$50,$N$50,IF(O28>$O$51,$O$51,O28)) -> 0.018134696
B29: 700000428 | C29: Sector GALERÍA Yurieth | D29: Montería | E29: Yurieth Álvarez | F29: =F5-F$23 -> 0.026097574 | G29: =G5-G$23 -> 0.053677419 | H29: =H5-H$23 -> 0.060977505 | I29: =I5-I$23 -> 0.053555172 | J29: =J5-J$23 -> 0.052 | K29: =K5-K$23 -> 0.05806092 | L29: =L5-L$23 -> 0.026639728 | M29: =M5-M$23 -> 0.033133493 | N29: =N5-N$23 -> 0.036237552 | O29: =AVERAGE(F29:L29) -> 0.047286903 | P29: =IF(O29<$N$50,$N$50,IF(O29>$O$51,$O$51,O29)) -> 0.023672391
B30: 700000281 | C30: Sector PICASSO Regina | D30: Poblaciones córdoba_Lórica | E30: Regina Isabel Peñate Argumedo | F30: =F6-F$23 -> 0.053118033 | G30: =G6-G$23 -> -0.00011764706 | H30: =H6-H$23 -> 0.059446436 | I30: =I6-I$23 -> 0.026071753 | J30: =J6-J$23 -> 0.034689582 | K30: =K6-K$23 -> 0.050283275 | L30: =L6-L$23 -> 0.061135359 | M30: =M6-M$23 -> 0.04317483 | N30: =N6-N$23 -> 0.042666025 | O30: =AVERAGE(F30:L30) -> 0.04066097 | P30: =IF(O30<$N$50,$N$50,IF(O30>$O$51,$O$51,O30)) -> 0.023672391
B31: 700000278 | C31: Sector CREACIÓN Perla | D31: Sucre_Magangue | E31: Perla Maria Sierra Diaz | F31: =F7-F$23 -> 0.04308684 | G31: =G7-G$23 -> 0.0224831 | H31: =H7-H$23 -> 0.06243803 | I31: =I7-I$23 -> 0.020639812 | J31: =J7-J$23 -> -0.029103286 | K31: =K7-K$23 -> 0.026592607 | L31: =L7-L$23 -> 0.024790221 | M31: =M7-M$23 -> 0.014559095 | N31: =N7-N$23 -> -0.0029479778 | O31: =AVERAGE(F31:L31) -> 0.024418189 | P31: =IF(O31<$N$50,$N$50,IF(O31>$O$51,$O$51,O31)) -> 0.023672391
B32: 700000021 | C32: Sector COLORES Karen | D32: Bogotá_Norte-Centro | E32: Karen Esperanza Contreras Patiño | F32: =F8-F$23 -> -0.013695644 | G32: =G8-G$23 -> -0.01723348 | H32: =H8-H$23 -> -0.023810451 | I32: =I8-I$23 -> -0.036573934 | J32: =J8-J$23 -> -0.015957746 | K32: =K8-K$23 -> -0.021877362 | L32: =L8-L$23 -> -0.022759053 | M32: =M8-M$23 -> -0.038180356 | N32: =N8-N$23 -> -0.028349976 | O32: =AVERAGE(F32:L32) -> -0.021701096 | P32: =IF(O32<$N$50,$N$50,IF(O32>$O$51,$O$51,O32)) -> -0.014674491
B33: 700000466 | C33: Sector EMOCIONES Dolly | D33: Boyacá_DuitamaBoyacá | E33: Dolly Yanine Parra Velandia | F33: =F9-F$23 -> 0.022635543 | G33: =G9-G$23 -> 0.0049318996 | H33: =H9-H$23 -> -0.018363305 | I33: =I9-I$23 -> 0.00082518874 | J33: =J9-J$23 -> -0.015517007 | K33: =K9-K$23 -> -0.020376052 | L33: =L9-L$23 -> -0.012759669 | M33: =M9-M$23 -> 0.037606849 | N33: =N9-N$23 -> 0.0017902174 | O33: =AVERAGE(F33:L33) -> -0.0055176289 | P33: =IF(O33<$N$50,$N$50,IF(O33>$O$51,$O$51,O33)) -> -0.0055176289
B34: 700000098 | C34: Sector MOSAICO Julieth | D34: Montería | E34: Judith Julieth Castrillon Perez | F34: =F10-F$23 -> -0.077600194 | G34: =G10-G$23 -> -0.0045436893 | H34: =H10-H$23 -> 0.037238403 | I34: =I10-I$23 -> 0.047141252 | J34: =J10-J$23 -> 0.01728777 | K34: =K10-K$23 -> 0.024601692 | L34: =L10-L$23 -> -0.03980837 | M34: =M10-M$23 -> 0.045605637 | N34: =N10-N$23 -> 0.031305882 | O34: =AVERAGE(F34:L34) -> 0.00061669481 | P34: =IF(O34<$N$50,$N$50,IF(O34>$O$51,$O$51,O34)) -> 0.00061669481
B35: 700000178 | C35: Sector DESTELLO Karina | D35: Sucre_Sincelejo | E35: Karina Paola Vasquez Montalvo | F35: =F11-F$23 -> -0.0014815287 | G35: =G11-G$23 -> -0.010285714 | H35: =H11-H$23 -> 0.060041018 | I35: =I11-I$23 -> 0.018619235 | J35: =J11-J$23 -> -0.018610913 | K35: =K11-K$23 -> -0.01153367 | L35: =L11-L$23 -> -0.012753012 | M35: =M11-M$23 -> -0.010688321 | N35: =N11-N$23 -> 0.030470581 | O35: =AVERAGE(F35:L35) -> 0.0034279163 | P35: =IF(O35<$N$50,$N$50,IF(O35>$O$51,$O$51,O35)) -> 0.0034279163
B36: 700000232 | C36: Sector EXPRESIÓN Nayibe | D36: Poblaciones Cundinamarca_Facatativá/Madrid | E36: Nayibe Esmeralda Pulido | F36: =F12-F$23 -> 0.0017303777 | G36: =G12-G$23 -> 0.0015121163 | H36: =H12-H$23 -> -0.016623469 | I36: =I12-I$23 -> 0.0017378378 | J36: =J12-J$23 -> -0.020683398 | K36: =K12-K$23 -> -0.043417684 | L36: =L12-L$23 -> -0.001933281 | M36: =M12-M$23 -> -0.02912637 | N36: =N12-N$23 -> -0.018750318 | O36: =AVERAGE(F36:L36) -> -0.011096786 | P36: =IF(O36<$N$50,$N$50,IF(O36>$O$51,$O$51,O36)) -> -0.011096786
B37: 700000456 | C37: Sector ACUARELA Yeimi | D37: Bogotá_Norte-Centro | E37: Yeimi Patricia Rodriguez | F37: =F13-F$23 -> -0.017445404 | G37: =G13-G$23 -> -0.0058746867 | H37: =H13-H$23 -> -0.042720587 | I37: =I13-I$23 -> -0.013625875 | J37: =J13-J$23 -> 0.0068100341 | K37: =K13-K$23 -> 0.0014686275 | L37: =L13-L$23 -> -0.02666763 | M37: =M13-M$23 -> -0.0058277108 | N37: =N13-N$23 -> -0.01274317 | O37: =AVERAGE(F37:L37) -> -0.014007932 | P37: =IF(O37<$N$50,$N$50,IF(O37>$O$51,$O$51,O37)) -> -0.014007932
B38: 700000133 | C38: Sector INSPIRACIÓN Vanesa | D38: Montería | E38: Katherine Vanesa Gomez Coronado | F38: =F14-F$23 -> -0.0073555556 | G38: =G14-G$23 -> 0.018465921 | H38: =H14-H$23 -> 0.069463492 | I38: =I14-I$23 -> 0.037032881 | J38: =J14-J$23 -> 0.044949952 | K38: =K14-K$23 -> 0.08600687 | L38: =L14-L$23 -> 0.084401515 | M38: =M14-M$23 -> 0.056754818 | N38: =N14-N$23 -> 0.03357417 | O38: =AVERAGE(F38:L38) -> 0.047566439 | P38: =IF(O38<$N$50,$N$50,IF(O38>$O$51,$O$51,O38)) -> 0.023672391
... B46: 700000455 | C46: Sector ESPLENDOR Carolina | D46: Bogotá_Norte-Centro | E46: Carolina Tangarife Tamayo | F46: =F22-F$23 -> -0.042110289 | G46: =G22-G$23 -> -0.043257618 | H46: =H22-H$23 -> -0.064595006 | I46: =I22-I$23 -> -0.046111249 | J46: =J22-J$23 -> -0.036265306 | K46: =K22-K$23 -> -0.060288568 | L46: =L22-L$23 -> -0.018937939 | M46: =M22-M$23 -> -0.034525 | N46: =N22-N$23 -> -0.0043677419 | O46: =AVERAGE(F46:L46) -> -0.044509425 | P46: =IF(O46<$N$50,$N$50,IF(O46>$O$51,$O$51,O46)) -> -0.014674491
N48: MIN | O48: MAX
N49: =MIN(O27:O46) -> -0.044509425 | O49: =_xlfn.QUARTILE.INC($O$27:$O$46,1) -> -0.014774491
N50: =O49+0.01% -> -0.014674491 | O50: =_xlfn.QUARTILE.INC($O$27:$O$46,2) -> 0.0020223056
N51: =O50+0.01% -> 0.0021223056 | O51: =_xlfn.QUARTILE.INC($O$27:$O$46,3) -> 0.023672391
N52: =O51+0.01% -> 0.023772391 | O52: =_xlfn.QUARTILE.INC($O$27:$O$46,4) -> 0.047566439

Sheet Histórico AF
B2: Cod. Sector | C2: Sector | D2: Clúster | E2: Nombre GN | F2: 202603 | G2: 202604 | H2: =G2+1 -> 202605 | I2: =H2+1 -> 202606 | J2: =I2+1 -> 202607 | K2: =J2+1 -> 202608 | L2: =K2+1 -> 202609 | M2: =L2+1 -> 202610 | N2: =M2+1 -> 202611 | O2: Promedio | P2: % Disp | Q2: Exigencia | R2: Objetivo ppto | S2: Disp. Py | T2: Activas Obj
B3: 700000459 | C3: Sector MATICES Clery | D3: Poblaciones Cundinamarca_Facatativá/Madrid | E3: Clery Enith Cuellar Rojas | F3: 0.5513834 | G3: 0.55046729 | H3: 0.54158965 | I3: 0.55429072 | J3: 0.55526992 | K3: 0.56544055 | L3: 0.59243697 | M3: 0.57261411 | N3: 0.5487013 | O3: =AVERAGE(F3:L3) -> 0.55869693 | P3: =_xlfn.XLOOKUP(B3,'Histórico Actividad'!B:B,'Histórico Actividad'!P:P) -> 1.1261426 | Q3: -0.005 | R3: =O3+Q3 -> 0.55369693 | S3: =_xlfn.XLOOKUP(B3,Activas!B:B,Activas!H:H) -> 1246 | T3: =ROUND(R3*S3,0) -> 690
B4: 700000423 | C4: Sector ARMONÍA Claudia | D4: Sucre_Sincelejo | E4: Claudia Patricia Benitez | F4: 0.60732648 | G4: 0.57133838 | H4: 0.54799514 | I4: 0.57251908 | J4: 0.54933641 | K4: 0.55787037 | L4: 0.56878613 | M4: 0.59574468 | N4: 0.53443202 | O4: =AVERAGE(F4:L4) -> 0.56788171 | P4: =_xlfn.XLOOKUP(B4,'Histórico Actividad'!B:B,'Histórico Actividad'!P:P) -> 1.0397797 | Q4: -0.005 | R4: =O4+Q4 -> 0.56288171 | S4: =_xlfn.XLOOKUP(B4,Activas!B:B,Activas!H:H) -> 1712 | T4: =ROUND(R4*S4,0) -> 964
B5: 700000428 | C5: Sector GALERÍA Yurieth | D5: Montería | E5: Yurieth Álvarez | F5: 0.60107817 | G5: 0.59973667 | H5: 0.58034026 | I5: 0.6114532 | J5: 0.60670732 | K5: 0.60798548 | L5: 0.60568384 | M5: 0.61064593 | N5: 0.58467023 | O5: =AVERAGE(F5:L5) -> 0.60185499 | P5: =_xlfn.XLOOKUP(B5,'Histórico Actividad'!B:B,'Histórico Actividad'!P:P) -> 1.0651899 | Q5: -0.005 | R5: =O5+Q5 -> 0.59685499 | S5: =_xlfn.XLOOKUP(B5,Activas!B:B,Activas!H:H) -> 1695 | T5: =ROUND(R5*S5,0) -> 1012
B6: 700000281 | C6: Sector PICASSO Regina | D6: Poblaciones córdoba_Lórica | E6: Regina Isabel Peñate Argumedo | F6: 0.62816692 | G6: 0.58161765 | H6: 0.57451404 | I6: 0.59687722 | J6: 0.58823529 | K6: 0.59581882 | L6: 0.64088398 | M6: 0.61292517 | N6: 0.6176066 | O6: =AVERAGE(F6:L6) -> 0.60087342 | P6: =_xlfn.XLOOKUP(B6,'Histórico Actividad'!B:B,'Histórico Actividad'!P:P) -> 1.0400572 | Q6: -0.005 | R6: =O6+Q6 -> 0.59587342 | S6: =_xlfn.XLOOKUP(B6,Activas!B:B,Activas!H:H) -> 1466 | T6: =ROUND(R6*S6,0) -> 874
